question,answer,clean_question,clean_context
 How do you declare a variable?,"['A variable is a storage location for a specific type of data. It is declared by assigning a value to a variable. ', 'For example:', '```python', 'age = 25', 'name = ""John""', '```', 'In this example:', '- `age` is a variable that stores an integer.', '- `name` is a variable that stores a string.']",how do you declare a variable?,a variable is a storage location for a specific type of data. it is declared by assigning a value to a variable. for example: in this example: - age is a variable that stores an integer. - name is a variable that stores a string.
 What are the different types of variables?,"['Sure. Here are the different types of variables:', '- **Numerical variable** - A variable that represents a quantity or amount, such as age, weight, or score.', '- **Categorical variable** - A variable that represents a category or group, such as gender, occupation or education level.', '- **Boolean variable** - A variable that can be either true or false, such as is_active or is_healthy.', '- **Real variable** - A variable that can represent both numeric and categorical values, such as temperature, time, or price.', '- **Array variable** - An array is a collection of related variables, where each element in the collection has the same data type.', '- **Structure variable** - A structure is a collection of related variables that are grouped together by name, such as customer information in an address structure.', '- **Object variable** - An object is a complex variable that contains other variables as members, such as a person object that contains a name, age, and location.', '- **Function variable** - A function variable is a variable that is used to perform a specific operation, such as the area of a circle.']",what are the different types of variables?,"here are the different types of variables: - numerical variable - a variable that represents a quantity or amount, such as age, weight, or score. - categorical variable - a variable that represents a category or group, such as gender, occupation or education level. - boolean variable - a variable that can be either true or false, such as is_active or is_healthy. - real variable - a variable that can represent both numeric and categorical values, such as temperature, time, or price. - array variable - an array is a collection of related variables, where each element in the collection has the same data type. - structure variable - a structure is a collection of related variables that are grouped together by name, such as customer information in an address structure. - object variable - an object is a complex variable that contains other variables as members, such as a person object that contains a name, age, and location. - function variable - a function variable is a variable that is used to perform a specific operation, such as the area of a circle."
 What is the `id` of an object?,['The `id` of an object is a unique identifier that is assigned to it by the database. It is typically used to identify the object in the database and to retrieve it when needed.'],what is the id of an object?,the id of an object is a unique identifier that is assigned to it by the database. it is typically used to identify the object in the database and to retrieve it when needed.
 How do you create a string?,"['A string is created by using the `string` keyword followed by a variable name and parentheses. For example, the following code creates a string called ""Hello World"":', '```python', 'name = ""Hello World""', '```', 'Once the variable has been defined, we can access its value and print it using the `print` function. The output of the code above will be:', '```', 'Hello World', '```']",how do you create a string?,"a string is created by using the string keyword followed by a variable name and parentheses. for example, the following code creates a string called ""hello world"": once the variable has been defined, we can access its value and print it using the print function. the output of the code above will be:"
 Explain the difference between a function and a method.,"['Sure, here is the difference between a function and a method.', '**Function:**', '* A function is a block of code that contains a set of instructions that perform a specific task.', '* A function is independent. It can be called independently from other parts of the code.', '* A function can return a value, but it can also perform multiple tasks without modifying its surrounding environment.', '* A function can be called by other parts of the code.', '**Method:**', '* A method is a block of code that is contained within a class.', '* A method is associated with a specific class and can only be called from within that class.', '* A method can be called by the class itself or by other objects that inherit from the class.', '* A method usually has one or more parameters, which provide data to the function.', '* A method typically performs a specific task, but it can also return a value or perform multiple tasks without modifying the surrounding environment.', 'In simple terms:', '* **Function:** An operation or task performed on something.', '* **Method:** A set of instructions within a class performing a specific purpose.']",explain the difference between a function and a method.,"function: * a function is a block of code that contains a set of instructions that perform a specific task. * a function is independent. it can be called independently from other parts of the code. * a function can return a value, but it can also perform multiple tasks without modifying its surrounding environment. * a function can be called by other parts of the code. method: * a method is a block of code that is contained within a class. * a method is associated with a specific class and can only be called from within that class. * a method can be called by the class itself or by other objects that inherit from the class. * a method usually has one or more parameters, which provide data to the function. * a method typically performs a specific task, but it can also return a value or perform multiple tasks without modifying the surrounding environment. in simple terms: * function: an operation or task performed on something. * method: a set of instructions within a class performing a specific purpose."
 How do you define a function?,['A function is a relation that associates each element of a domain with exactly one element of a codomain.'],how do you define a function?,a function is a relation that associates each element of a domain with exactly one element of a codomain.
 What are the different types of arguments a function can have?,"['Sure, here are the different types of arguments a function can have:', ""1. **Formal arguments:** These are declared within the function and are defined using type annotation. They are used to pass the data to the function and have the same type as the function's return type."", '2. **Default arguments:** These are optional arguments that are assigned a default value when they are called. Default arguments can be specified using the default keyword and a default value.', ""3. **Keyword arguments:** These are named arguments that correspond to the function's keyword parameters. Keyword arguments are defined with the same name as the corresponding keyword parameter in the function definition."", '4. **Positional arguments:** These are arguments that are placed in a specific order in the function call, regardless of their position. Positional arguments are not specified in the function definition and appear in the same order as they appear in the call.', '5. **Combined arguments:** These are a combination of different types of arguments, such as a mix of both positional and keyword arguments.']",what are the different types of arguments a function can have?,"1. formal arguments: these are declared within the function and are defined using type annotation. they are used to pass the data to the function and have the same type as the function's return type. 2. default arguments: these are optional arguments that are assigned a default value when they are called. default arguments can be specified using the default keyword and a default value. 3. keyword arguments: these are named arguments that correspond to the function's keyword parameters. keyword arguments are defined with the same name as the corresponding keyword parameter in the function definition. 4. positional arguments: these are arguments that are placed in a specific order in the function call, regardless of their position. positional arguments are not specified in the function definition and appear in the same order as they appear in the call. 5. combined arguments: these are a combination of different types of arguments, such as a mix of both positional and keyword arguments."
 What is the difference between a function and a lambda function?,"['Sure! Here’s the difference between a function and a lambda function:', '* A **function** is a block of code that contains one or more statements. A function can be assigned a name and can be used multiple times. ', '* A **lambda function** is a function defined within a single statement. A lambda function has only one parameter, and its output is the value of the parameter.', ""Here's a table summarizing the key differences between functions and lambda functions:"", '| Feature | Function | Lambda Function |', '|---|---|---|', '| Definition | Block of code | Single statement |', '| Scope | Global | Local |', '| Name | Can be assigned a name | No need to assign a name |', '| Usage | Can be used multiple times | Can only be used in a single statement |', '| Type | Function type | Anonymous function type |']",what is the difference between a function and a lambda function?,"* a function is a block of code that contains one or more statements. a function can be assigned a name and can be used multiple times. * a lambda function is a function defined within a single statement. a lambda function has only one parameter, and its output is the value of the parameter. here's a table summarizing the key differences between functions and lambda functions: | feature | function | lambda function | |---|---|---| | definition | block of code | single statement | | scope | global | local | | name | can be assigned a name | no need to assign a name | | usage | can be used multiple times | can only be used in a single statement | | type | function type | anonymous function type |"
 What is a return statement?,['A return statement is a keyword in a programming language that allows a program to exit a function or subroutine and return control to a specific point in the caller program.'],what is a return statement?,a return statement is a keyword in a programming language that allows a program to exit a function or subroutine and return control to a specific point in the caller program.
 How do you use recursion to write a function?,"['Sure. Recursion involves a function that calls itself within its body to solve a sub-problem. The function takes a parameter representing how many steps to go back in the recursion, and it returns the result of applying that operation on the sub-problem. ', ""Here's how recursion works:"", '1. The function takes a parameter specifying the number of steps to go backward in the recursion.', '2. If the parameter is 0 or 1, the function returns the base case, which is the solution for the sub-problem.', '3. If the parameter is greater than 1, the function recursively calls itself with the same parameter minus 1.', '4. The results of all these recursive calls are accumulated and returned.', 'For example, consider the following recursive function that finds the sum of all the numbers from 1 to 10:', '```python', 'def sum_recursive(n):', '    if n == 0:', '        return 0', '    elif n == 1:', '        return 1', '    else:', '        return sum_recursive(n-1) + sum_recursive(n-2)', 'print(sum_recursive(10))', '```', '**Benefits of Recursion:**', '* Reduces nested loops, which can be difficult to manage.', '* Allows solving complex problems by breaking them down into smaller sub-problems.', '* Improves code readability and maintainability.', '**Limitations of Recursion:**', '* It can be computationally expensive for large values of n.', '* Not all problems can be solved using recursion.', '**Note:** Recursion is often used in dynamic programming and problem-solving algorithms.']",how do you use recursion to write a function?,"recursion involves a function that calls itself within its body to solve a sub-problem. the function takes a parameter representing how many steps to go back in the recursion, and it returns the result of applying that operation on the sub-problem. here's how recursion works: 1. the function takes a parameter specifying the number of steps to go backward in the recursion. 2. if the parameter is 0 or 1, the function returns the base case, which is the solution for the sub-problem. 3. if the parameter is greater than 1, the function recursively calls itself with the same parameter minus 1. 4. the results of all these recursive calls are accumulated and returned. for example, consider the following recursive function that finds the sum of all the numbers from 1 to 10: benefits of recursion: * reduces nested loops, which can be difficult to manage. * allows solving complex problems by breaking them down into smaller sub-problems. * improves code readability and maintainability. limitations of recursion: * it can be computationally expensive for large values of n. * not all problems can be solved using recursion. note: recursion is often used in dynamic programming and problem-solving algorithms."
 Explain memoization and how it affects function execution.,"['**Memoization** is a technique that improves the performance of a computer program by saving the results of function calls and returning them the next time the same inputs occur. This can significantly reduce the number of function calls required to perform the same task and can lead to faster execution times.', '**How memoization works:**', '1. The function takes a unique key as an argument, which identifies the inputs and outputs of the function.', '2. The function then checks its cache for the result of the function call.', '3. If the result is found in the cache, it is returned immediately without further calculation.', '4. If the result is not found in the cache, the function calculates the result and stores it in the cache for future use.', '**Benefits of memoization:**', '* Reduced number of function calls', '* Faster execution times', '* Improved performance', '* Reduced memory usage', '**Drawbacks of memoization:**', '* Increased memory usage during training', '* Limited applicability to all functions', '* Cache invalidation issues can arise', '**Example:**', '```python', 'def fibonacci(n):', '    if n <= 1:', '        return n', '    else:', '        return fibonacci(n-1) + fibonacci(n-2)', '```', 'This function calculates the n-th number in the Fibonacci sequence.', '**How to implement memoization:**', '* Use a dictionary to store function results.', '* Check if the result is found in the dictionary before calculating it.', '* Update the dictionary with the calculated result.', '* Return the result directly if it is found in the dictionary.', '**Conclusion:**', 'Memoization is a powerful technique that can significantly improve the performance of a program by reducing the number of function calls and speeding up execution times. However, it has some drawbacks, such as increased memory usage and limited applicability.']",explain memoization and how it affects function execution.,"memoization is a technique that improves the performance of a computer program by saving the results of function calls and returning them the next time the same inputs occur. this can significantly reduce the number of function calls required to perform the same task and can lead to faster execution times. how memoization works: 1. the function takes a unique key as an argument, which identifies the inputs and outputs of the function. 2. the function then checks its cache for the result of the function call. 3. if the result is found in the cache, it is returned immediately without further calculation. 4. if the result is not found in the cache, the function calculates the result and stores it in the cache for future use. benefits of memoization: * reduced number of function calls * faster execution times * improved performance * reduced memory usage drawbacks of memoization: * increased memory usage during training * limited applicability to all functions * cache invalidation issues can arise example: this function calculates the n-th number in the fibonacci sequence. how to implement memoization: * use a dictionary to store function results. * check if the result is found in the dictionary before calculating it. * update the dictionary with the calculated result. * return the result directly if it is found in the dictionary. conclusion: memoization is a powerful technique that can significantly improve the performance of a program by reducing the number of function calls and speeding up execution times. however, it has some drawbacks, such as increased memory usage and limited applicability."
 What are the built-in functions related to strings?,"['Sure. Here is a list of built-in functions related to strings:', '1. `len()`: Returns the length of a string.', '2. `string` : Returns a copy of a string.', '3. `string.split()` : Splits a string into a list of substrings based on a delimiter.', '4. `string.lower()` : Converts a string to lowercase.', '5. `string.upper()` : Converts a string to uppercase.', '6. `string.strip()` : Removes the leading and trailing whitespaces from a string.', '7. `string.replace()` : Replaces all occurrences of a substring in a string with another substring.', '8. `string.find()` : Finds the first occurrence of a substring in a string.', '9. `string.index()` : Finds the index of the first character of the substring in a string.', '10. `string.startswith()` : Checks if a string starts with a substring.', '11. `string.endswith` : Checks if a string ends with a substring.', '12. `string.search` : Searches for a substring in a string and returns the index of the first match.']",what are the built-in functions related to strings?,here is a list of built-in functions related to strings: 1. len(): returns the length of a string. 2. string : returns a copy of a string. 3. string.split() : splits a string into a list of substrings based on a delimiter. 4. string.lower() : converts a string to lowercase. 5. string.upper() : converts a string to uppercase. 6. string.strip() : removes the leading and trailing whitespaces from a string. 7. string.replace() : replaces all occurrences of a substring in a string with another substring. 8. string.find() : finds the first occurrence of a substring in a string. 9. string.index() : finds the index of the first character of the substring in a string. 10. string.startswith() : checks if a string starts with a substring. 11. string.endswith : checks if a string ends with a substring. 12. string.search : searches for a substring in a string and returns the index of the first match.
 How do you use built-in functions with string literals?,"['Sure! Built-in functions with string literals can be used to manipulate and transform string data in Python.', '**String Concatenating Function (+):**', ""The '+' operator can be used to concatenate two or more string literals together. For example:"", '```python', 'string1 = ""Hello""', 'string2 = ""World""', 'final_string = string1 + "" "" + string2', 'print(final_string)', '```', '**String Formatting Function (f-string):**', 'The f-string is a format string that allows you to insert variables and expressions directly into a string. For example:', '```python', 'name = ""John""', 'age = 30', 'formatted_string = f""Hello, {name}! You are {age} years old.""', 'print(formatted_string)', '```', '**String Index Operator ([]):**', 'You can use the [] operator to access individual characters or substrings within a string. For instance:', '```python', 'string = ""Programming is fun!""', 'character = string[6]', 'print(character)', '```', '**String Search Function (find()):**', 'The find() function can be used to search for a substring within a string and return its index. For example:', '```python', 'string = ""Python string""', 'sub_string = ""string""', 'index = string.find(sub_string)', 'print(index)', '```', '**String Length Function (len()):**', 'The len() function returns the length of a string. For example:', '```python', 'string = ""Welcome to the world of strings!""', 'length = len(string)', 'print(length)', '```', 'These are just a few examples of how built-in functions with string literals can be used in Python. By leveraging these functions, you can perform various tasks such as string manipulation, formatting, indexing, and more, making your code more efficient and readable.']",how do you use built-in functions with string literals?,"string concatenating function (+): the '+' operator can be used to concatenate two or more string literals together. for example: string formatting function (f-string): the f-string is a format string that allows you to insert variables and expressions directly into a string. for example: string index operator (): you can use the operator to access individual characters or substrings within a string. for instance: string search function (find()): the find() function can be used to search for a substring within a string and return its index. for example: string length function (len()): the len() function returns the length of a string. for example: these are just a few examples of how built-in functions with string literals can be used in python. by leveraging these functions, you can perform various tasks such as string manipulation, formatting, indexing, and more, making your code more efficient and readable."
 What is string interpolation?,"[""Sure! Here's the definition of string interpolation:"", 'String interpolation is a technique used in programming and scripting that allows you to embed values or expressions directly into strings without having to use string concatenation operators. This can be done by using curly braces, square brackets, or other delimiters to enclose the value or expression within the string.', ""Here's a few examples of string interpolation:"", '```python', 'name = ""John""', 'age = 30', 'string = f""Hello, {name}! You are {age} years old.""', 'print(string)', '```', '**Output:**', '```', 'Hello, John! You are 30 years old.', '```', 'In this example, the variable `name` is defined as ""John"", and the variable `age` is defined as 30. The string `f""Hello, {name}! You are {age} years old.""` is then constructed and printed on the console. The `{}` syntax is used to insert the values of the variables into the string.', 'Here are some of the most commonly used delimiters in string interpolation:', '* **Curly braces:** `{{variable_name}}`', '* **Square brackets:** `[[variable_name]]`', '* **Backticks:** ```', 'These delimiters are all equivalent, so you can use whichever one you prefer.']",what is string interpolation?,"]', '* backticks: ', 'these delimiters are all equivalent, so you can use whichever one you prefer.']"
 How do you join a list of strings into a single string using Python?,"['Sure thing! You can join a list of strings into a single string using the join() method in the Python string class.', '```python', '# Create a list of strings', 'strings = [""Hello"", ""world"", ""How"", ""are"", ""you""]', '# Join the strings into a single string', 'joined_string = "", "".join(strings)', '# Print the joined string', 'print(joined_string)', '```', '**Explanation:**', '1. `strings` is a list of strings.', '2. `join()` method takes a delimiter as a parameter. In this case, we use a comma (,) as the delimiter.', '3. `"", "".join()` joins the strings in `strings` with a comma in between.', '4. `print(joined_string)` prints the joined string to the console.', '**Output:**', '```', 'Hello, world, How, are, you', '```', 'This code will create a single string with all the strings in the `strings` list separated by commas.']",how do you join a list of strings into a single string using python?,"explanation: 1. strings is a list of strings. 2. join() method takes a delimiter as a parameter. in this case, we use a comma (,) as the delimiter. 3. "", "".join() joins the strings in strings with a comma in between. 4. print(joined_string) prints the joined string to the console. output: this code will create a single string with all the strings in the strings list separated by commas."
 Explain string slicing in Python.,"['Sure. String slicing is the process of extracting a portion of a string using a start index and an end index. The syntax for string slicing is as follows:', '```', 'string[start : end]', '```', 'where:', '- `string` is the string to be sliced.', '- `start` specifies the index at which the slicing should begin.', '- `end` specifies the index at which the slicing should end.', 'For example, the following code slices the string ""Hello world"" starting from the 6th character and ending at the 12th character:', '```', 'print(string[6:12])', '```', 'Output:', '```', 'world', '```', 'Here are some additional examples of string slicing:', '- To slice the string from the beginning to the 5th character, use the following code:', '```', 'string[0:5]', '```', '- To slice the string from the 10th character to the end, use the following code:', '```', 'string[10:]', '```', '- To slice the string from the 6th character to the last character, use the following code:', '```', 'string[6:]', '```', '- To slice the string in reverse order, use the following code:', '```', 'string[::-1]', '```', 'Here is a more complex example that shows how to slice a string based on both start and end indices:', '```', 'string = ""This is a string with some text.""', 'sliced_string = string[6:15]', 'print(f""Sliced string: {sliced_string}"")', '```', 'Output:', '```', 'Sliced string: with some text.', '```', 'In summary, string slicing is a powerful technique for manipulating strings in Python. It allows you to extract specific portions of a string and use them in your code.']",explain string slicing in python.,"string slicing is the process of extracting a portion of a string using a start index and an end index. the syntax for string slicing is as follows: where: - string is the string to be sliced. - start specifies the index at which the slicing should begin. - end specifies the index at which the slicing should end. for example, the following code slices the string ""hello world"" starting from the 6th character and ending at the 12th character: output: here are some additional examples of string slicing: - to slice the string from the beginning to the 5th character, use the following code: - to slice the string from the 10th character to the end, use the following code: - to slice the string from the 6th character to the last character, use the following code: - to slice the string in reverse order, use the following code: here is a more complex example that shows how to slice a string based on both start and end indices: output: in summary, string slicing is a powerful technique for manipulating strings in python. it allows you to extract specific portions of a string and use them in your code."
 How can you search for a substring in a string?,"['There are three main ways to search for a substring in a string:', '1. **Using string search methods**', '2. **Iterative string search**', '3. **Regular expressions**', '**1. Using string search methods**', 'The string methods module provides three built-in functions for string searching:', '* **find():** Returns the index of the first occurrence of the substring in the string. It returns -1 if no match is found.', '* **rfind():** Returns the index of the first occurrence of the substring in the string, but it raises a ValueError if no match is found.', '* **search():** Returns the index of the first occurrence of the substring in the string, and returns the length of the substring (if the substring appears more than once)', '**2. Iterative string search**', 'The string search method can be implemented iteratively by repeatedly calling the find() method and checking for the return value. The length of the substring can be determined by comparing the start and end indices of the match.', '**3. Regular expressions**', 'Regular expressions can be used to perform complex substring searches by specifying patterns to match. The search() method can be used with regular expressions for pattern matching. The return value of the search() method will be an iterator, which can be used to access each match in the string.', '**Example:**', '```python', 'string = ""The quick brown fox jumped over the lazy dog.""', 'substring = ""fox""', '# Using string methods', 'index = string.find(substring)', 'print(index)  # Output: 12', '# Iterative string search', 'for i, match in enumerate(string.split()):', '    if substring in match:', '        print(i)  # Output: 12', '# Regular expressions', 'pattern = ""fox""', 'match = string.search(pattern)', 'print(match)  # Output: 12', '```']",how can you search for a substring in a string?,"there are three main ways to search for a substring in a string: 1. using string search methods 2. iterative string search 3. regular expressions 1. using string search methods the string methods module provides three built-in functions for string searching: * find(): returns the index of the first occurrence of the substring in the string. it returns -1 if no match is found. * rfind(): returns the index of the first occurrence of the substring in the string, but it raises a valueerror if no match is found. * search(): returns the index of the first occurrence of the substring in the string, and returns the length of the substring (if the substring appears more than once) 2. iterative string search the string search method can be implemented iteratively by repeatedly calling the find() method and checking for the return value. the length of the substring can be determined by comparing the start and end indices of the match. 3. regular expressions regular expressions can be used to perform complex substring searches by specifying patterns to match. the search() method can be used with regular expressions for pattern matching. the return value of the search() method will be an iterator, which can be used to access each match in the string. example:"
 What is string indexing?,['String indexing is the process of accessing and retrieving specific characters or substrings within a string. It involves identifying the starting and ending positions of the substring of interest and using those positions to extract the desired data.'],what is string indexing?,string indexing is the process of accessing and retrieving specific characters or substrings within a string. it involves identifying the starting and ending positions of the substring of interest and using those positions to extract the desired data.
 What is the difference between a list and a set?,"['Sure. A **list** is a ordered collection of items, while a **set** is a collection of items that is unordered and has no specific order.']",what is the difference between a list and a set?,"a list is a ordered collection of items, while a set is a collection of items that is unordered and has no specific order."
 How do you create an empty list?,"['There are two main ways to create an empty list in Python:', '1. **Using the `[]` operator**: ', '```python', 'emptyList = []', '```', '2. **Using the `collections.emptyList()` function**:', '```python', 'from collections import emptylist', 'emptyList = emptylist()', '```', '**Additional Notes**:', '- An empty list is represented by a `[]` symbol.', '- You can check if a variable is an empty list using the `in` operator. ', '- You can also use the `len()` function to check the length of an empty list.', 'Here are some examples:', '```python', '# Using the [] operator', 'emptyList = []', '# Using the collections.emptyList() function', 'emptyList = collections.emptyList()', '# Print the list', 'print(emptyList)', '```', 'Output:', '```', '[]', '```']",how do you create an empty list?,there are two main ways to create an empty list in python: 1. using the operator: 2. using the collections.emptylist() function: additional notes: - an empty list is represented by a symbol. - you can check if a variable is an empty list using the in operator. - you can also use the len() function to check the length of an empty list. here are some examples: output:
 How do you create a list with 10 elements?,"[""Sure. Here's how you can create a list with 10 elements in Python:"", '```python', 'list1 = [1, 2, 3, 4, 5, 6, 7, 8, 9, 10]', '```', ""Here's a breakdown of the code:"", ""* `list1` is the name of the list we're creating."", '* `[1, 2, 3, 4, 5, 6, 7, 8, 9, 10]` is the list itself.', '* The `[]` brackets are used to define a list in Python.', '* Each element in the list is represented by a different integer.', '* We can access individual elements by their index, for example, `list1[5]` will return the value 5.', '**Output:**', 'When you print the list, it will display the following output:', '```', '[1, 2, 3, 4, 5, 6, 7, 8, 9, 10]', '```', 'This list has 10 elements, as promised.']",how do you create a list with 10 elements?,"is the list itself.', '* the brackets are used to define a list in python.', '* each element in the list is represented by a different integer.', '* we can access individual elements by their index, for example, list1 will return the value 5.', 'output:', 'when you print the list, it will display the following output:', '', 'this list has 10 elements, as promised.']"
 How do you remove elements from a list?,"['There are several ways to remove elements from a list:', '1. **Using a loop**: This approach involves iterating through the list and checking if each element satisfies a certain condition (e.g., element == value). If the condition is met, the element is removed from the list.', '```python', 'my_list = [1, 2, 3, 4, 5]', 'for element in my_list:', '    if element == 3:', '        my_list.remove(element)', 'print(my_list)  # Output: [1, 2, 4, 5]', '```', '2. **Using slicing**: Slicing allows you to extract a sublist of elements from the original list. You can specify the start index and end index of the sublist.', '```python', 'my_list = [1, 2, 3, 4, 5]', 'new_list = my_list[1:]', 'print(new_list)  # Output: [2, 3, 4]', '```', '3. **Using the `filter` function**: The `filter` function takes a function as its first argument and applies that function to each element of the list. If the function returns True, the element is included in the new list. If it returns False, the element is removed from the new list.', '```python', 'my_list = [1, 2, 3, 4, 5]', 'new_list = list(filter(lambda element: element != 3, my_list))', 'print(new_list)  # Output: [1, 2, 4]', '```', '4. **Using built-in functions**: Several built-in functions, such as `remove()`, `del`, and `pop`, can also be used to remove elements from a list.', '```python', 'my_list = [1, 2, 3, 4, 5]', 'del my_list[2]', 'print(my_list)  # Output: [1, 2, 4]', '```', '5. **Using recursion**: In some cases, it may be necessary to recursively remove elements from a list. This approach involves defining a function that calls itself with a modified version of the list.', '```python', 'def remove_element(my_list, target):', '    for element in my_list:', '        if element == target:', '            my_list.remove(element)', '            return True', '        return False', 'new_list = remove_element(my_list, 3)', 'print(new_list)  # Output: [1, 2, 4]', '```', 'Choose the approach that best suits your needs and the complexity of your list.']",how do you remove elements from a list?,"there are several ways to remove elements from a list: 1. using a loop: this approach involves iterating through the list and checking if each element satisfies a certain condition (e.g., element == value). if the condition is met, the element is removed from the list. 2. using slicing: slicing allows you to extract a sublist of elements from the original list. you can specify the start index and end index of the sublist. 3. using the filter function: the filter function takes a function as its first argument and applies that function to each element of the list. if the function returns true, the element is included in the new list. if it returns false, the element is removed from the new list. 4. using built-in functions: several built-in functions, such as remove(), del, and pop, can also be used to remove elements from a list. 5. using recursion: in some cases, it may be necessary to recursively remove elements from a list. this approach involves defining a function that calls itself with a modified version of the list. choose the approach that best suits your needs and the complexity of your list."
 What is the difference between a dictionary and a list?,"['Sure. Here is the difference between a dictionary and a list:', '**Dictionary:**', '- A dictionary is a data structure that stores key-value pairs.', '- The key is a unique identifier or a string that represents a specific item in the dictionary.', '- The value can be any type of data, such as a string, int, float, or another dictionary.', '- A dictionary is ordered, meaning the keys in the dictionary are in the same order as they are inserted.', '- Dictionaries allow you to search for a key and retrieve the associated value.', '**List:**', '- A list is a collection of items that can be of different data types.', '- The items in a list can be ordered or unordered.', '- Each item in a list has a position, starting from 0 for the first item.', '- Lists are not ordered, meaning the items can appear in any order.', '- Lists do not allow you to search for a specific key.', 'In summary, a dictionary is a collection of key-value pairs that is ordered and allows you to search for a key and retrieve the associated value. A list is a collection of items that is not ordered and can be of different data types, but it does not allow you to search for a specific key.']",what is the difference between a dictionary and a list?,"here is the difference between a dictionary and a list: dictionary: - a dictionary is a data structure that stores key-value pairs. - the key is a unique identifier or a string that represents a specific item in the dictionary. - the value can be any type of data, such as a string, int, float, or another dictionary. - a dictionary is ordered, meaning the keys in the dictionary are in the same order as they are inserted. - dictionaries allow you to search for a key and retrieve the associated value. list: - a list is a collection of items that can be of different data types. - the items in a list can be ordered or unordered. - each item in a list has a position, starting from 0 for the first item. - lists are not ordered, meaning the items can appear in any order. - lists do not allow you to search for a specific key. in summary, a dictionary is a collection of key-value pairs that is ordered and allows you to search for a key and retrieve the associated value. a list is a collection of items that is not ordered and can be of different data types, but it does not allow you to search for a specific key."
 What are the different types of keys in a dictionary?,"[""Sure, here's a breakdown of the different types of keys in a dictionary, including their functions:"", '1. **Alphabetic Keys** (e.g., a, b, c, d, e, f, g, h, i, j, k, l, m, n, o, p, q, r, s, t, u, v, w, x, y): These keys represent individual letters of the alphabet and are commonly used to access words in a dictionary.', '2. **Number Keys** (e.g., 1, 2, 3, 4, 5, 6, 7, 8, 9, 0): These keys represent the digits of the alphabet from 1 to 9, and they are used to access words or phrases that use these digits.', '3. **Special Keys** (e.g., #, $, %, &, @, #, !, ?:, <, >, [, ], {, }, ~, _): These keys have special purposes and are used for various operations or to indicate specific types of characters.', '4. **Wildcard Keys** (e.g., %): These keys represent any character or set of characters, allowing the dictionary to search for words or phrases that use these characters.', '5. **Metaphone Keys** (e.g., _): These keys are used to access the previous or next word in a sequence of words.', '6. **Case-Sensitive Keys** (e.g., A, a, b, B): These keys specify that the dictionary should search for words in a case-sensitive manner.', '7. **Regular Expressions Keys** (e.g., ^, $, *, ?): These keys are used to perform regular expressions on the words and phrases in the dictionary.', '8. **Unicode Keys** (e.g., á, é, í, ó, ú, á, ñ): These keys represent characters from various languages and are used to access words or phrases in different languages.']",what are the different types of keys in a dictionary?,", {, }, ~, _): these keys have special purposes and are used for various operations or to indicate specific types of characters.', '4. wildcard keys (e.g., %): these keys represent any character or set of characters, allowing the dictionary to search for words or phrases that use these characters.', '5. metaphone keys (e.g., _): these keys are used to access the previous or next word in a sequence of words.', '6. case-sensitive keys (e.g., a, a, b, b): these keys specify that the dictionary should search for words in a case-sensitive manner.', '7. regular expressions keys (e.g., ^, $, *, ?): these keys are used to perform regular expressions on the words and phrases in the dictionary.', '8. unicode keys (e.g., á, é, í, ó, ú, á, ñ): these keys represent characters from various languages and are used to access words or phrases in different languages.']"
 How do you delete items from a dictionary?,"['To delete items from a dictionary, you can use the following methods:', '1. **Using the del keyword**', '2. **Using the pop method**', '3. **Using the clear method**', '4. **Using the discard method**', '**Example:**', '```python', 'dict1 = {""name"": ""John Doe"", ""age"": 30, ""city"": ""New York City""}', '# Using the del keyword', 'del dict1[""name""]', '# Using the pop method', 'dict1.pop(""city"")', '# Using the clear method', 'dict1.clear()', '# Using the discard method', 'dict1.discard(""age"")', '```', '**Note:**', '- The del keyword is a built-in method that directly deletes a key-value pair.', '- The pop method removes and returns a single key-value pair.', '- The clear method removes all key-value pairs in the dictionary.', '- The discard method removes a key-value pair if it is found.']",how do you delete items from a dictionary?,"to delete items from a dictionary, you can use the following methods: 1. using the del keyword 2. using the pop method 3. using the clear method 4. using the discard method example: note: - the del keyword is a built-in method that directly deletes a key-value pair. - the pop method removes and returns a single key-value pair. - the clear method removes all key-value pairs in the dictionary. - the discard method removes a key-value pair if it is found."
 What is a tuple?,"['A tuple is a ordered collection of elements that is treated as a single entity. A tuple is a built-in data structure in Python that is used to store a collection of elements in a single variable. Tuples are created using parentheses, and the elements are separated by commas. For example:', '```python', 'tuple1 = (1, 2, 3, 4, 5)', '```', 'A tuple is a powerful data structure that can be used to perform many operations on a collection of elements. For example, you can use tuples to:', '* Access the individual elements in the tuple', '* Iterate over the tuple', '* Search for elements in the tuple', '* Sort the tuple', '* Concatenate multiple tuples', 'Tuples are a versatile data structure that can be used for a variety of tasks. They are a powerful addition to the Python data types, and they can be used to make your code more efficient and easier to read.']",what is a tuple?,"a tuple is a ordered collection of elements that is treated as a single entity. a tuple is a built-in data structure in python that is used to store a collection of elements in a single variable. tuples are created using parentheses, and the elements are separated by commas. for example: a tuple is a powerful data structure that can be used to perform many operations on a collection of elements. for example, you can use tuples to: * access the individual elements in the tuple * iterate over the tuple * search for elements in the tuple * sort the tuple * concatenate multiple tuples tuples are a versatile data structure that can be used for a variety of tasks. they are a powerful addition to the python data types, and they can be used to make your code more efficient and easier to read."
 How do you create a tuple?,"['Sure, a tuple is a collection of elements that are ordered in a way. A tuple can be created by using the parentheses, and the elements within the parentheses must be separated by commas. ', '```python ', 'tuple1 = (1, 2, 3, 4, 5)', '```', 'In the above example, `tuple1` is a tuple with the elements `1, 2, 3, 4, 5`.', 'Tuples can be created in other ways as well. For example, you can use the `zip()` function to create a tuple of elements that have the same length.', '```python ', 'tuple2 = zip([1, 2, 3, 4, 5])', '```', 'The `zip()` function takes two arguments, the first being the iterable that you want to create the tuple from, and the second being the number of elements that you want in the tuple. ', 'Tuples are useful when you need to store a collection of elements in a specific order. They can be used in a variety of applications, such as data analysis, machine learning, and databases.']",how do you create a tuple?,"a tuple can be created by using the parentheses, and the elements within the parentheses must be separated by commas. in the above example, tuple1 is a tuple with the elements 1, 2, 3, 4, 5. tuples can be created in other ways as well. for example, you can use the zip() function to create a tuple of elements that have the same length. the zip() function takes two arguments, the first being the iterable that you want to create the tuple from, and the second being the number of elements that you want in the tuple. tuples are useful when you need to store a collection of elements in a specific order. they can be used in a variety of applications, such as data analysis, machine learning, and databases."
 How do you iterate through a tuple?,"['Sure, here are the steps on how to iterate through a tuple:', '1. First, you need to create a for loop structure that iterates through each element in the tuple.', '2. Inside the loop, access each element using its index position, starting from 0.', '3. The index represents the position of the element in the tuple, starting from 0.', '4. Within the loop, you can perform various operations on each element, such as printing, modifying, or accessing other tuple elements.', '5. Continue iterating through the tuple by incrementing the index variable by 1 on each iteration.', '6. Finally, use the loop condition to determine when to stop iterating.', '**Examples:**', '```python', '# A tuple with three elements', 'tuple1 = (1, 2, 3)', '# Iterate through the tuple using a for loop', 'for i, element in enumerate(tuple1):', '    print(f""Element at index {i}: {element}"")', '# Output:', '# Element at index 0: 1', '# Element at index 1: 2', '# Element at index 2: 3', '```', '**Note:**', 'The tuple is an ordered sequence of elements. The for loop iterates through the elements in order, starting from the first element and progressing through the elements in sequential order.']",how do you iterate through a tuple?,"1. first, you need to create a for loop structure that iterates through each element in the tuple. 2. inside the loop, access each element using its index position, starting from 0. 3. the index represents the position of the element in the tuple, starting from 0. 4. within the loop, you can perform various operations on each element, such as printing, modifying, or accessing other tuple elements. 5. continue iterating through the tuple by incrementing the index variable by 1 on each iteration. 6. finally, use the loop condition to determine when to stop iterating. examples: note: the tuple is an ordered sequence of elements. the for loop iterates through the elements in order, starting from the first element and progressing through the elements in sequential order."
 What is the `re.compile` function?,"['The `re.compile` function is a method of the `re` (regular expressions) module that compiles a regular expression into a regular object, which can then be used to perform various operations on strings, such as searching, replacing, and matching.']",what is the re.compile function?,"the re.compile function is a method of the re (regular expressions) module that compiles a regular expression into a regular object, which can then be used to perform various operations on strings, such as searching, replacing, and matching."
 What is the difference between positive and negative patterns in regular expressions?,"[""Sure. Here's the difference between positive and negative patterns in regular expressions:"", '**Positive Patterns:**', '- A positive pattern matches one or more occurrences of the specified character or range of characters in the string.', '- It is typically followed by the question mark, indicating that the match should be repeated at least once.', '- Examples: `aa`, `abc`, `12345`, `a-z`', '**Negative Patterns:**', '- A negative pattern matches one or more occurrences of the specified character or range of characters in the string **EXCEPT** the ones matched by the positive pattern.', '- It is typically followed by the ""exclusion character"" symbol, such as `^` or `!~`.', '- Examples: `ab~`, `1a2`, `a[^z]`', '**Example:**', 'The following regular expression uses both positive and negative patterns:', '```', '(a|b)(c|d)', '```', ""This regular expression matches strings that have either 'a' or 'b' followed by either 'c' or 'd'."", '**Note:**', '- Negative patterns can be used with the `*` or `+` quantifiers to match 0 or more occurrences of the matched character.', '- Combining positive and negative patterns can create more complex and specific matching conditions.']",what is the difference between positive and negative patterns in regular expressions?,"', 'example:', 'the following regular expression uses both positive and negative patterns:', '', ""this regular expression matches strings that have either 'a' or 'b' followed by either 'c' or 'd'."", 'note:', '- negative patterns can be used with the * or + quantifiers to match 0 or more occurrences of the matched character.', '- combining positive and negative patterns can create more complex and specific matching conditions.']"
 How do you use generators to write efficient code?,"['**Generators provide a powerful and flexible way to write efficient code by allowing you to define functions that can yield values on demand, instead of creating and storing them all at once.** This means that you can write code that is more concise, efficient, and easier to maintain.', 'Here are some of the key advantages of using generators:', '* **Yielding values:** Generators allow you to yield values on demand, rather than creating and storing them all at once. This can significantly improve performance, especially when dealing with large datasets.', '* **Memory efficiency:** Generators can be used to avoid creating unnecessary temporary variables and objects. This can be especially helpful for large code bases or when working with memory-intensive data types.', '* **Code clarity:** Generators can improve the readability of your code by hiding the implementation of your function in a nested scope.', '* **Code reusability:** Generators can be easily reused with different inputs, making them ideal for building reusable components of your application.', 'Here are some examples of how you can use generators to write efficient code:', '* **Iterating over large datasets:** If you need to iterate over a large dataset of items, you can use a generator function to yield the items one at a time. This can be much faster than iterating over the entire dataset at once.', '* **Creating complex data structures:** Generators can be used to create complex data structures, such as trees and graphs, without having to create and store them all at once.', '* **Building reusable components:** Generators can be used to build reusable components of your application, such as a generator that returns a sequence of numbers.', 'Overall, generators are a powerful tool that can help you write efficient and maintainable code. By understanding how to use generators, you can take your coding to the next level.']",how do you use generators to write efficient code?,"generators provide a powerful and flexible way to write efficient code by allowing you to define functions that can yield values on demand, instead of creating and storing them all at once. this means that you can write code that is more concise, efficient, and easier to maintain. here are some of the key advantages of using generators: * yielding values: generators allow you to yield values on demand, rather than creating and storing them all at once. this can significantly improve performance, especially when dealing with large datasets. * memory efficiency: generators can be used to avoid creating unnecessary temporary variables and objects. this can be especially helpful for large code bases or when working with memory-intensive data types. * code clarity: generators can improve the readability of your code by hiding the implementation of your function in a nested scope. * code reusability: generators can be easily reused with different inputs, making them ideal for building reusable components of your application. here are some examples of how you can use generators to write efficient code: * iterating over large datasets: if you need to iterate over a large dataset of items, you can use a generator function to yield the items one at a time. this can be much faster than iterating over the entire dataset at once. * creating complex data structures: generators can be used to create complex data structures, such as trees and graphs, without having to create and store them all at once. * building reusable components: generators can be used to build reusable components of your application, such as a generator that returns a sequence of numbers. overall, generators are a powerful tool that can help you write efficient and maintainable code. by understanding how to use generators, you can take your coding to the next level."
 What is the difference between `itertools` and `collections` modules?,"['Sure. Here is the difference between the `itertools` and `collections` modules:', '**itertools module**', '* Provides tools for iterating over collections of objects.', '* Includes functions for looping over elements in a sequence, slicing, and combining iterables.', '* Offers a higher-level and more intuitive interface for working with collections.', '* However, it is not as widely used as the `collections` module.', '**collections module**', '* Provides more low-level tools for working with collections.', '* Defines specific data structures such as sets, lists, dictionaries, and namedtuple.', '* Offers greater flexibility and control over the data.', '* It is suitable for use when you need to implement specific data structures or algorithms.', '* However, it can be more complex and difficult to use.', ""**Here's a table summarizing the key differences:**"", '| Feature | itertools | collections |', '|---|---|---|', '| Purpose | Iterate over collections | Create and manipulate specific data structures |', '| Scope | High-level, more intuitive | Low-level |', '| Usage | Common for data iteration and manipulation | Suitable for specific data structures or algorithms |', '| Use cases | Looping over elements; slicing; combining iterables | Creating sets, lists; dictionaries; namedtuples |', 'In summary, the `itertools` module provides a more convenient and high-level interface for working with collections, while the `collections` module offers more flexibility and control for implementing specific data structures or algorithms.']",what is the difference between itertools and collections modules?,"here is the difference between the itertools and collections modules: itertools module * provides tools for iterating over collections of objects. * includes functions for looping over elements in a sequence, slicing, and combining iterables. * offers a higher-level and more intuitive interface for working with collections. * however, it is not as widely used as the collections module. collections module * provides more low-level tools for working with collections. * defines specific data structures such as sets, lists, dictionaries, and namedtuple. * offers greater flexibility and control over the data. * it is suitable for use when you need to implement specific data structures or algorithms. * however, it can be more complex and difficult to use. here's a table summarizing the key differences: | feature | itertools | collections | |---|---|---| | purpose | iterate over collections | create and manipulate specific data structures | | scope | high-level, more intuitive | low-level | | usage | common for data iteration and manipulation | suitable for specific data structures or algorithms | | use cases | looping over elements; slicing; combining iterables | creating sets, lists; dictionaries; namedtuples | in summary, the itertools module provides a more convenient and high-level interface for working with collections, while the collections module offers more flexibility and control for implementing specific data structures or algorithms."
 Explain context managers and how they are used with file operations.,"['**Context managers** are mechanisms in Python that automatically manage the lifecycle of file operations, ensuring that the file is properly closed and resources are released when the program reaches the end of the code block that uses the file. This ensures that the file is not left open or referenced after it is no longer needed, improving memory usage and preventing security risks.', ""**Here's how context managers are typically used with file operations:**"", '1. **Opening a file:** The file object is opened using the `open` function. The `open` function takes the file path, mode, and any other optional parameters as arguments.', '2. **Using the file:** Once the file is opened, it can be used for various operations, such as reading, writing, or deleting the file.', '3. **Closing the file:** When you are finished using the file, you need to close it using the `close` method. The `close` method takes no arguments and closes the file in a clean manner.', '4. **Using the context manager:** To automatically manage the lifecycle of the file, you can use a context manager. A context manager is a special type of object that automatically executes a block of code and then closes the resource or file automatically when the block of code completes.', '**Example:**', '```python', '# Open a file using the open function', ""with open('filename.txt', 'r') as file:"", '    # Read contents from the file', '    contents = file.read()', '# Use the file', 'print(contents)', '# Close the file using the context manager', ""with open('filename.txt', 'r') as file:"", '    file.close()', '```', '**Benefits of using context managers:**', '* **Automates file closure:** Context managers automatically close the file when the code block is finished, ensuring that the resource is released correctly.', '* **Improves memory usage:** By preventing the need to manually close files, context managers save memory resources and reduce the risk of memory-related errors.', '* **Prevents security risks:** Context managers help protect against security vulnerabilities by ensuring that the file is properly closed even if an error occurs.', '* **Enhances readability and conciseness:** Using context managers makes the code more readable and concise by eliminating the need for manual file handling.', '**Overall, context managers are a powerful tool for managing file operations in Python, improving memory usage, preventing security risks, and enhancing code readability and conciseness.**']",explain context managers and how they are used with file operations.,"context managers are mechanisms in python that automatically manage the lifecycle of file operations, ensuring that the file is properly closed and resources are released when the program reaches the end of the code block that uses the file. this ensures that the file is not left open or referenced after it is no longer needed, improving memory usage and preventing security risks. here's how context managers are typically used with file operations: 1. opening a file: the file object is opened using the open function. the open function takes the file path, mode, and any other optional parameters as arguments. 2. using the file: once the file is opened, it can be used for various operations, such as reading, writing, or deleting the file. 3. closing the file: when you are finished using the file, you need to close it using the close method. the close method takes no arguments and closes the file in a clean manner. 4. using the context manager: to automatically manage the lifecycle of the file, you can use a context manager. a context manager is a special type of object that automatically executes a block of code and then closes the resource or file automatically when the block of code completes. example: benefits of using context managers: * automates file closure: context managers automatically close the file when the code block is finished, ensuring that the resource is released correctly. * improves memory usage: by preventing the need to manually close files, context managers save memory resources and reduce the risk of memory-related errors. * prevents security risks: context managers help protect against security vulnerabilities by ensuring that the file is properly closed even if an error occurs. * enhances readability and conciseness: using context managers makes the code more readable and concise by eliminating the need for manual file handling. overall, context managers are a powerful tool for managing file operations in python, improving memory usage, preventing security risks, and enhancing code readability and conciseness."
 Explain the concept of metaprogramming in Python.,"['**Metaprogramming in Python** is a powerful technique that enables you to dynamically manipulate and generate new Python objects at runtime. This means you can create code at compile time and run it dynamically, allowing for greater flexibility and control over your application.', '**Key Concepts:**', '* **Metaclasses:** Python provides built-in metaclasses that allow you to dynamically redefine class behavior and introduce new attributes.', '* **Reflection:** Metaprogramming involves accessing and manipulating the internal structure of Python objects, such as classes and modules.', '* **Generics:** Metaprogramming allows you to create generic functions and classes that work with various data types and types of objects.', '* **Code generation:** Metaprogramming can generate new Python objects on the fly, enabling you to create complex structures and hierarchies.', '**Benefits of Metaprogramming in Python:**', '* **Runtime flexibility:** Metaprogramming allows you to modify code and generate new versions dynamically.', '* **Code reuse:** You can reuse metaclasses to create classes and objects with common properties.', '* **Data hiding:** It enables you to hide implementation details from the outside world, promoting code modularity.', '* **Dynamic testing:** You can dynamically test and modify code during runtime.', '**Examples:**', '1. **Dynamic Classes:** You can dynamically create and define class instances at runtime using the `type` function.', '```python', 'class MetaClass:', '    def __init__(self, name):', '        self.name = name', 'class MyClass(metaclass=MetaClass):', '    pass', '# Create and instantiate a dynamic class', 'dynamic_class = MyClass(""Dynamic Class"")', '```', '2. **Dynamic Methods:** You can dynamically add methods to objects at runtime using the `getattr()` and `setattr()` functions.', '```python', 'class Person:', '    def __init__(self, name):', '        self.name = name', 'def set_name(person, name):', '    person.name = name', '```', '3. **Metaclasses with Magic Methods:** Metaclasses can define magic methods that handle special operations on objects.', '```python', 'class User:', '    def __init__(self, name):', '        self.name = name', '    def say_hello(self):', '        print(""Hello, {}!"".format(self.name))', '# Create a user with a custom metaclass', 'user = User(""Alice"")', ""user.__dict__['metaclass'] = MyMetaClass"", '# Use the magic method', 'user.say_hello()', '```', '**Conclusion:**', 'Metaprogramming in Python is a powerful technique that allows you to manipulate and generate new Python objects at runtime. It provides flexibility and control over your application, enabling you to create dynamic and reusable code, test, and extend your application with ease.']",explain the concept of metaprogramming in python.,"metaprogramming in python is a powerful technique that enables you to dynamically manipulate and generate new python objects at runtime. this means you can create code at compile time and run it dynamically, allowing for greater flexibility and control over your application. key concepts: * metaclasses: python provides built-in metaclasses that allow you to dynamically redefine class behavior and introduce new attributes. * reflection: metaprogramming involves accessing and manipulating the internal structure of python objects, such as classes and modules. * generics: metaprogramming allows you to create generic functions and classes that work with various data types and types of objects. * code generation: metaprogramming can generate new python objects on the fly, enabling you to create complex structures and hierarchies. benefits of metaprogramming in python: * runtime flexibility: metaprogramming allows you to modify code and generate new versions dynamically. * code reuse: you can reuse metaclasses to create classes and objects with common properties. * data hiding: it enables you to hide implementation details from the outside world, promoting code modularity. * dynamic testing: you can dynamically test and modify code during runtime. examples: 1. dynamic classes: you can dynamically create and define class instances at runtime using the type function. 2. dynamic methods: you can dynamically add methods to objects at runtime using the getattr() and setattr() functions. 3. metaclasses with magic methods: metaclasses can define magic methods that handle special operations on objects. conclusion: metaprogramming in python is a powerful technique that allows you to manipulate and generate new python objects at runtime. it provides flexibility and control over your application, enabling you to create dynamic and reusable code, test, and extend your application with ease."
 How do you use decorators to modify the behavior of a function?,"['Decorators allow you to modify the behavior of a function without changing its source code. They are defined using the syntax `@decorator_name(function)` and can take one or more arguments, which are passed to the decorated function.', 'Here are some key points about decorators:', '* They are invoked before the function is executed.', ""* They have access to the function's arguments, return value, and execution context."", ""* They can modify the function's behavior in any way they want."", '* They can be used to change the order of function execution, control the execution environment, or add functionality to existing functions.', 'Here is an example of how to use a decorator to change the output of a function:', '```python', 'def my_decorator(func):', '    def wrapper(*args, **kwargs):', '        print(""Before calling the function"")', '        result = func(*args, **kwargs)', '        print(""After calling the function"")', '        return result', '    return wrapper', '@my_decorator', 'def my_function(x, y):', '    return x + y', 'print(my_function(1, 2))', '```', 'Output:', '```', 'Before calling the function', '>>> 3', 'After calling the function', '```', 'In this example, the `my_decorator` function is used to decorate the `my_function` function. When `my_function` is called, the `wrapper` function is executed instead. The `wrapper` function prints a message before and after calling the original function and returns the result of the original function.', 'Decorators can be used to achieve a variety of goals, such as:', '* Logging function calls', '* Changing the output of a function', '* Modifying the execution environment', '* Adding functionality to existing functions', 'Decorators are a powerful tool that can be used to extend the functionality of your Python program without modifying the source code.']",how do you use decorators to modify the behavior of a function?,"decorators allow you to modify the behavior of a function without changing its source code. they are defined using the syntax @decorator_name(function) and can take one or more arguments, which are passed to the decorated function. here are some key points about decorators: * they are invoked before the function is executed. * they have access to the function's arguments, return value, and execution context. * they can modify the function's behavior in any way they want. * they can be used to change the order of function execution, control the execution environment, or add functionality to existing functions. here is an example of how to use a decorator to change the output of a function: output: in this example, the my_decorator function is used to decorate the my_function function. when my_function is called, the wrapper function is executed instead. the wrapper function prints a message before and after calling the original function and returns the result of the original function. decorators can be used to achieve a variety of goals, such as: * logging function calls * changing the output of a function * modifying the execution environment * adding functionality to existing functions decorators are a powerful tool that can be used to extend the functionality of your python program without modifying the source code."
 What is the difference between static and dynamic typing?,"['Sure, here is the difference between static and dynamic typing.', '**Static Typing**', '* In static typing, the compiler checks the types of variables and functions before the program is executed.', '* The compiler generates an error if a variable or function is assigned a type that cannot be converted to the required type.', '* The type of variables and functions is defined at compile time.', '* Static typing is generally considered to be more reliable and produces higher-quality code.', '**Dynamic Typing**', '* In dynamic typing, the types of variables and functions are checked at runtime.', '* The compiler does not generate an error if a variable or function is assigned a type that can be converted to the required type.', '* The type of variables and functions is defined at runtime.', '* Dynamic typing is generally considered to be more efficient and allows for more flexibility.', 'Here is an example to illustrate the difference between static and dynamic typing:', '```python', '# Static typing example', 'class Car:', '  model = ""Toyota""', '# Dynamic typing example', 'car = Car()', 'car.model = ""BMW""', '```', 'In the static typing example, the type of `car` is defined as `Car` at compile time. This means that the compiler will generate an error if we assign a value of a different type to `car.model`.', 'In the dynamic typing example, the type of `car` is defined at runtime. This means that the compiler will not generate an error if we assign a value of a different type to `car.model`.', 'Static typing is generally considered to be more reliable and produces higher-quality code, while dynamic typing is generally considered to be more efficient and allows for more flexibility.']",what is the difference between static and dynamic typing?,"static typing * in static typing, the compiler checks the types of variables and functions before the program is executed. * the compiler generates an error if a variable or function is assigned a type that cannot be converted to the required type. * the type of variables and functions is defined at compile time. * static typing is generally considered to be more reliable and produces higher-quality code. dynamic typing * in dynamic typing, the types of variables and functions are checked at runtime. * the compiler does not generate an error if a variable or function is assigned a type that can be converted to the required type. * the type of variables and functions is defined at runtime. * dynamic typing is generally considered to be more efficient and allows for more flexibility. here is an example to illustrate the difference between static and dynamic typing: in the static typing example, the type of car is defined as car at compile time. this means that the compiler will generate an error if we assign a value of a different type to car.model. in the dynamic typing example, the type of car is defined at runtime. this means that the compiler will not generate an error if we assign a value of a different type to car.model. static typing is generally considered to be more reliable and produces higher-quality code, while dynamic typing is generally considered to be more efficient and allows for more flexibility."
 How do you use type hinting in Python?,"['Sure! Type hinting allows you to define the data type of a variable directly when you create it. This is achieved using the `type` keyword followed by the type name. For example:', '```python', 'name = ""John""', 'age = 30', 'print(f""Hello, {name}!"")', '```', 'In this example, the `name` variable is defined to be a string with the `str` type. The `age` variable is defined as an integer with the `int` type.', 'Type hinting can be used to improve the readability and maintainability of your code. It can make it clear what type of data a variable is, which can help you identify errors more easily.', 'Here are some additional examples of how type hinting can be used:', '* Defining a variable with the wrong type:', '```python', 'age = ""30""', 'print(f""Invalid age: {age}"")', '```', '* Defining a variable to be a specific subclass:', '```python', 'class Employee:', '    def __init__(self, name, salary):', '        self.name = name', '        self.salary = salary', 'employee = Employee(""Jane Doe"", 50000)', 'print(f""Employee name: {employee.name}"")', 'print(f""Employee salary: {employee.salary}"")', '```']",how do you use type hinting in python?,"this is achieved using the type keyword followed by the type name. for example: in this example, the name variable is defined to be a string with the str type. the age variable is defined as an integer with the int type. type hinting can be used to improve the readability and maintainability of your code. it can make it clear what type of data a variable is, which can help you identify errors more easily. here are some additional examples of how type hinting can be used: * defining a variable with the wrong type: * defining a variable to be a specific subclass:"
 How do you use `None` in Python?,"['Sure. Here are the key points about using `None` in Python:', '1. **Default Value**:', '   - `None` is the default value for unassigned variables.', '   - When you use a variable without giving it a value explicitly, it is assigned `None`.', '2. **Type**:', '   - `None` is an immutable data type.', '   - It is not a number, string, or object.', '   - `None` is not the same as `0` or `false`.', '3. **Comparison**:', '   - `None` is equal to itself.', '   - It is not equal to `0` or `False`.', '   - `None` is considered unequal to `True` and empty string.', '4. **Assignment**:', '   - To assign a value to a variable, you need to use the `=` operator.', '   - You cannot assign a different `None` value to an existing variable.', '5. **Type Conversion**:', '   - You can convert other data types to `None` using the following constructors:', '     - `int(None)`', '     - `float(None)`', '     - `bool(None)`', '     - `str(None)`', '6. **Special Case**:', '   - `None` is a reserved keyword in Python.', '   - Using the `None` keyword directly in a variable declaration is considered an error.', '7. **Immutability**:', '   - `None` is an immutable data type.', '   - It cannot be changed or modified once assigned.', 'In summary, `None` is a special value used in Python for indicating the absence of a value. It has specific characteristics and should be treated differently from other data types.']",how do you use none in python?,"here are the key points about using none in python: 1. default value: - none is the default value for unassigned variables. - when you use a variable without giving it a value explicitly, it is assigned none. 2. type: - none is an immutable data type. - it is not a number, string, or object. - none is not the same as 0 or false. 3. comparison: - none is equal to itself. - it is not equal to 0 or false. - none is considered unequal to true and empty string. 4. assignment: - to assign a value to a variable, you need to use the = operator. - you cannot assign a different none value to an existing variable. 5. type conversion: - you can convert other data types to none using the following constructors: - int(none) - float(none) - bool(none) - str(none) 6. special case: - none is a reserved keyword in python. - using the none keyword directly in a variable declaration is considered an error. 7. immutability: - none is an immutable data type. - it cannot be changed or modified once assigned. in summary, none is a special value used in python for indicating the absence of a value. it has specific characteristics and should be treated differently from other data types."
 How do you handle exceptions in Python?,"['**Handling Exceptions in Python**', ""**1. Using 'try' and 'except' Blocks:**"", ""- Use 'try' block to specify the code you want to execute."", ""- Use 'except' block to handle exceptions that occur when the code in 'try' block fails."", '```python', 'try:', '    # Code to execute', 'except Exception as e:', '    # Exception handling code', '```', '**2. Exceptions in Functions:**', '- Pass an exception type as an argument to a function.', '- When an exception occurs in the function, it is automatically raised and handled in the calling scope.', '```python', 'def my_function():', '    try:', '        # Code to execute', '    except Exception as e:', '        print(f""Error occurred: {e}"")', '```', ""**3. Using 'try-except-finally' Block:**"", '- This block is used to handle exceptions, cleanup resources, and execute code even if an exception occurs.', '```python', 'try:', '    # Code to execute', 'finally:', '    # Cleanup code or execution of final statement', '```', ""**4. Using 'try-except-else' Block:**"", ""- Use 'try' to execute code, then 'except' to handle exceptions, and finally, use 'else' to execute code if an exception is not handled."", '```python', 'try:', '    # Code to execute', 'except Exception as e:', '    # Exception handling code', 'else:', '    # Code to be executed if no exception occurred', '```', '**5. Exception Objects:**', ""- Use the 'exception' class to create exceptions with specific messages."", ""- Use the 'sys.exception' variable to access the exception object globally."", '**6. Exception Handling Libraries:**', ""- Use libraries like 'trypy' or 'python_exception_handler' for comprehensive exception handling and logging."", '**Tips:**', '- Use specific exception types for better handling.', '- Log exceptions to a file or console.', '- Propagate exceptions to the caller.', '- Use a consistent exception handling approach throughout your code.']",how do you handle exceptions in python?,"handling exceptions in python 1. using 'try' and 'except' blocks: - use 'try' block to specify the code you want to execute. - use 'except' block to handle exceptions that occur when the code in 'try' block fails. 2. exceptions in functions: - pass an exception type as an argument to a function. - when an exception occurs in the function, it is automatically raised and handled in the calling scope. 3. using 'try-except-finally' block: - this block is used to handle exceptions, cleanup resources, and execute code even if an exception occurs. 4. using 'try-except-else' block: - use 'try' to execute code, then 'except' to handle exceptions, and finally, use 'else' to execute code if an exception is not handled. 5. exception objects: - use the 'exception' class to create exceptions with specific messages. - use the 'sys.exception' variable to access the exception object globally. 6. exception handling libraries: - use libraries like 'trypy' or 'python_exception_handler' for comprehensive exception handling and logging. tips: - use specific exception types for better handling. - log exceptions to a file or console. - propagate exceptions to the caller. - use a consistent exception handling approach throughout your code."
 How do you use collections and iterators to implement custom data structures?,"['**Collections** and **iterators** allow you to implement custom data structures by providing a mechanism to manage and access the elements in a specific order.', '**Collections**', '* **List**: A collection of elements that can be ordered and accessed by their indices.', '* **Set**: A collection of elements without any specific order or specific elements.', '* **Map**: A collection of key-value pairs.', '**Iterators**', '* **Iterator**: A special type of object that iterates over a collection of elements.', '* **Iterator Protocol**: An interface that defines the methods that an iterator should implement for efficient iteration.', '**How to implement custom data structures using collections and iterators:**', '1. **Define a class that extends the collections.AbstractCollection class**: This class defines the methods required by the collection.', '2. **Implement the necessary data structure methods**: This includes methods such as add, remove, get, and size.', '3. **Create an iterator object**: Use the constructor of the `Iterator` class and pass the collection to it.', '4. **Override the `__iter__() ` method**: This method should return the object that implements the iterator protocol.', '5. **Implement the `__next__()` method**: This method should return the next element in the collection.', '6. **Create a `for` loop that iterates over the iterator**: Use the `for` loop to access the elements in the collection.', '**Example:**', '```python', 'class MyCollection(collections.Collection):', '    def __init__(self):', '        self.elements = []', '    def add(self, element):', '        self.elements.append(element)', '    def remove(self, element):', '        self.elements.remove(element)', '    def get(self, index):', '        return self.elements[index]', '# Create an iterator object', 'iterator = iter(MyCollection())', '# Iterate over the collection using a for loop', 'for element in iterator:', '    print(element)', '```', '**Output:**', '```', 'Element 1', 'Element 2', 'Element 3', '```']",how do you use collections and iterators to implement custom data structures?,"collections and iterators allow you to implement custom data structures by providing a mechanism to manage and access the elements in a specific order. collections * list: a collection of elements that can be ordered and accessed by their indices. * set: a collection of elements without any specific order or specific elements. * map: a collection of key-value pairs. iterators * iterator: a special type of object that iterates over a collection of elements. * iterator protocol: an interface that defines the methods that an iterator should implement for efficient iteration. how to implement custom data structures using collections and iterators: 1. define a class that extends the collections.abstractcollection class: this class defines the methods required by the collection. 2. implement the necessary data structure methods: this includes methods such as add, remove, get, and size. 3. create an iterator object: use the constructor of the iterator class and pass the collection to it. 4. override the iter() method: this method should return the object that implements the iterator protocol. 5. implement the next() method: this method should return the next element in the collection. 6. create a for loop that iterates over the iterator: use the for loop to access the elements in the collection. example: output:"
 How do you use the `heapq` module to implement a min heap?,"['```python', 'import heapq', '# Create a min heap', 'heap = heapq.heapify([1, 4, 3, 2])', '# Print the heap', 'print(heap)', '```', '**Output:**', '```', '[1, 2, 3, 4]', '```', '**Explanation:**', '1. Import the `heapq` module.', '2. Create a min heap using `heapify()` with the elements 1, 4, 3, 2.', '3. Print the heap using `print(heap)`.', '**How it works:**', 'A min heap is a priority queue where the root node is at the bottom and the left and right subtrees of the root node are heapified. The root node is the minimum element in the heap.', 'The `heapify()` function rearranges the elements in the heap so that the root node is at the bottom. It then maintains the heap property by swapping the top two elements in the heap.', 'By using the `heapq` module, we can easily create and manage a min heap.']",how do you use the heapq module to implement a min heap?,"output: explanation: 1. import the heapq module. 2. create a min heap using heapify() with the elements 1, 4, 3, 2. 3. print the heap using print(heap). how it works: a min heap is a priority queue where the root node is at the bottom and the left and right subtrees of the root node are heapified. the root node is the minimum element in the heap. the heapify() function rearranges the elements in the heap so that the root node is at the bottom. it then maintains the heap property by swapping the top two elements in the heap. by using the heapq module, we can easily create and manage a min heap."
 How can you use the `functools` module in Python?,"['**The `functools` module in Python allows you to apply functions to other functions, creating new functions that can behave differently.** ', '**Here are some key features of the `functools` module that allow you to use it:**', ""* **@decorator**: This decorator allows you to modify the behavior of a function by applying a function to it before it is executed. This is useful for tasks such as logging information before or after a function has been executed, adding a check before a function is executed, or modifying the function's arguments before it is called."", '* **functools.partial**: This function allows you to create functions that are partially initialized. This can be useful for creating functions that are only used a few times or for which you want to specify some of the arguments in advance.', '* **functools.cache**: This function allows you to create functions that can store their results. This can be useful for improving performance by avoiding the function from being re-calculated each time it is called.', '**Examples of using the `functools` module:**', '```python', 'from functools import partial', '# Create a function that logs information before it is executed', 'def log_before(func):', '    def wrapper(*args, **kwargs):', '        print(""Before calling function:"", func.__name__)', '        result = func(*args, **kwargs)', '        print(""After calling function:"", func.__name__)', '        return result', '    return wrapper', '# Define a function using the partial function', 'add_five = partial(lambda x: x + 5, 10)', '# Use the functools.cached decorator to create a function that caches its results', '@functools.cached(cache_size=10)', 'def fibonacci(n):', '    if n <= 1:', '        return n', '    return fibonacci(n - 1) + fibonacci(n - 2)', '# Use the functools.partial function to create a function that is partially initialized', 'my_function = partial(add_five, 2)', '```', '**Benefits of using the `functools` module:**', '* You can modify the behavior of functions without changing their source code.', '* You can create functions that are only used a few times or for which you want to specify some of the arguments in advance.', '* You can create functions that can store their results.', '* You can improve performance by avoiding the function from being re-calculated each time it is called.', '**Overall, the `functools` module is a powerful tool that allows you to build reusable, efficient, and flexible functions in Python.**']",how can you use the functools module in python?,"the functools module in python allows you to apply functions to other functions, creating new functions that can behave differently. here are some key features of the functools module that allow you to use it: * @decorator: this decorator allows you to modify the behavior of a function by applying a function to it before it is executed. this is useful for tasks such as logging information before or after a function has been executed, adding a check before a function is executed, or modifying the function's arguments before it is called. * functools.partial: this function allows you to create functions that are partially initialized. this can be useful for creating functions that are only used a few times or for which you want to specify some of the arguments in advance. * functools.cache: this function allows you to create functions that can store their results. this can be useful for improving performance by avoiding the function from being re-calculated each time it is called. examples of using the functools module: benefits of using the functools module: * you can modify the behavior of functions without changing their source code. * you can create functions that are only used a few times or for which you want to specify some of the arguments in advance. * you can create functions that can store their results. * you can improve performance by avoiding the function from being re-calculated each time it is called. overall, the functools module is a powerful tool that allows you to build reusable, efficient, and flexible functions in python."
 How do you use `collections` to implement a balanced tree?,"['**Implementing a balanced tree using `collections`**', '**1. Define the `Node` class:**', '```python', 'from collections import defaultdict', 'class Node:', '    def __init__(self, data):', '        self.data = data', '        self.left = None', '        self.right = None', '```', '**2. Create a `BinaryTree` class:**', '```python', 'class BinaryTree:', '    def __init__(self, root):', '        self.root = root', '```', '**3. Implement the `get_balance()` method:**', '```python', '    def get_balance(self):', '        # calculate the height of the left and right subtrees', '        left_height = self.root.left.height', '        right_height = self.root.right.height', '        # return the difference in heights as the balance factor', '        return left_height - right_height', '```', '**4. Implement the `insert()` method:**', '```python', '    def insert(self, data):', '        # create a new node', '        node = Node(data)', '        # if the tree is balanced, adjust the left and right pointers', '        if self.get_balance() != 0:', '            # if the tree is too balanced to the left, insert in the left subtree', '            if self.root.left.height > self.root.right.height:', '                node.left = self.root.left', '            # if the tree is too balanced to the right, insert in the right subtree', '            else:', '                node.right = self.root.right', '```', '**5. Implement the `delete()` method:**', '```python', '    def delete(self, data):', '        # create a new node', '        node = Node(data)', '        # adjust the left and right pointers of the root node', '        if self.root.data == data:', '            self.root = None', '        # if the tree is not balanced, adjust the left and right pointers of the parent node', '        else:', '            if self.get_balance() < 0:', '                if node.left:', '                    node.left.left = None', '                if node.left:', '                    node.left.right = None', '            else:', '                if node.right:', '                    node.right.left = None', '                if node.right:', '                    node.right.right = None', '```', '**6. Initialize the tree with a sample root node:**', '```python', 'root = Node(5)', 'tree = BinaryTree(root)', '```']",how do you use collections to implement a balanced tree?,implementing a balanced tree using collections 1. define the node class: 2. create a binarytree class: 3. implement the get_balance() method: 4. implement the insert() method: 5. implement the delete() method: 6. initialize the tree with a sample root node:
 How can you use `collections` to implement a dictionary with custom keys?,"['```python', 'from collections import defaultdict', 'class CustomDictionary(defaultdict):', '    def __init__(self, *args, key_func):', '        self.key_func = key_func', '        super().__init__(*args)', '    def __missing__(self, key):', '        return self.key_func(key)', '# Example usage', 'custom_dict = CustomDictionary(', '    name=""John Doe"", age=30, city=""New York""', ')', 'print(custom_dict.name)  # Output: John Doe', '# This method allows us to access the custom key using the key_func', 'print(custom_dict[""name""])  # Output: John Doe', '```', '**Explanation:**', '- `collections.defaultdict` is a built-in class that allows key-value pairs, with the values initially being taken from a default dictionary.', '- The `CustomDictionary` class inherits from `defaultdict` and provides a custom key function `__key__()`.', '- `__key__()` is called whenever a key is accessed on the dictionary. It returns the result of applying the specified key function to the given key.', '- When a key is not found, `__missing__()` is called to handle it. It returns the result of calling the `key_func` with the given key.', '- `key_func` can be a function that generates a unique key based on the value of the key.', '**Note:**', '- The `key_func` is called on the key when it is accessed, not when it is assigned a value.', '- If the `key_func` returns None, the key will not be accessible.', '- The `__missing__()` method can be used to provide default values or perform other actions when a key is not found.']",how can you use collections to implement a dictionary with custom keys?,"explanation: - collections.defaultdict is a built-in class that allows key-value pairs, with the values initially being taken from a default dictionary. - the customdictionary class inherits from defaultdict and provides a custom key function key(). - key() is called whenever a key is accessed on the dictionary. it returns the result of applying the specified key function to the given key. - when a key is not found, missing() is called to handle it. it returns the result of calling the key_func with the given key. - key_func can be a function that generates a unique key based on the value of the key. note: - the key_func is called on the key when it is accessed, not when it is assigned a value. - if the key_func returns none, the key will not be accessible. - the missing() method can be used to provide default values or perform other actions when a key is not found."
 What are the different techniques for unit testing in Python?,"['**Unit Testing Techniques in Python:**', '**1. Mock Object Injection:**', '- Replace real dependencies with mock objects during testing.', '- Use frameworks like `unittest` or `mock` to define mock objects that mimic external services and return predefined responses.', '- This technique allows for isolated testing of functions without actual external interactions.', '**2. Dependency Injection:**', '- Pass dependencies as arguments to functions or classes.', '- Use frameworks like `dependency_injector` or `argparse` to configure and resolve dependencies.', '- This technique allows for easier testing of functions that require specific setup and configuration.', '**3. Test Doubles:**', '- Create a class that mimics the functionality of a real object.', ""- Use `unittest`'s `patch` decorator to substitute the test double for a real object during testing."", '- This technique promotes loose coupling and simplifies test setup.', '**4. TestCase:**', '- Use the `unittest.TestCase` class to define test cases.', '- Define a `test_function()` method within the class that tests the functionality of the target function.', '- This approach is suitable for testing individual functions or modules in isolation.', '**5. Monkey Patching:**', '- Replace specific code sections with mock implementations during testing.', '- Use tools like `mock` to patch the desired modules and return predefined responses.', '- Monkey patching is a convenient technique for testing specific code paths or conditions.', '**6. Black Box Testing:**', '- Test the output or behavior of a function without directly interacting with the internal implementation.', '- Use techniques like `pytest` and `blackbox` to define and execute black box tests.', '- This approach is useful for testing the functionality of functions based solely on their output or results.', '**7. Unit-Based Testing (UBT):**', '- Test functions and modules in isolation using a test runner.', '- Use frameworks like `unittest` and its UBT features to run individual tests and define test suites.', '- UBT helps identify defects in individual units, reducing the overall test suite execution time.', '**8. Data-Driven Testing:**', '- Use test data as input to simulate real-world scenarios and scenarios.', '- Write tests that execute against a variety of data sets to ensure the functionality and behavior are consistent across different conditions.']",what are the different techniques for unit testing in python?,"unit testing techniques in python: 1. mock object injection: - replace real dependencies with mock objects during testing. - use frameworks like unittest or mock to define mock objects that mimic external services and return predefined responses. - this technique allows for isolated testing of functions without actual external interactions. 2. dependency injection: - pass dependencies as arguments to functions or classes. - use frameworks like dependency_injector or argparse to configure and resolve dependencies. - this technique allows for easier testing of functions that require specific setup and configuration. 3. test doubles: - create a class that mimics the functionality of a real object. - use unittest's patch decorator to substitute the test double for a real object during testing. - this technique promotes loose coupling and simplifies test setup. 4. testcase: - use the unittest.testcase class to define test cases. - define a test_function() method within the class that tests the functionality of the target function. - this approach is suitable for testing individual functions or modules in isolation. 5. monkey patching: - replace specific code sections with mock implementations during testing. - use tools like mock to patch the desired modules and return predefined responses. - monkey patching is a convenient technique for testing specific code paths or conditions. 6. black box testing: - test the output or behavior of a function without directly interacting with the internal implementation. - use techniques like pytest and blackbox to define and execute black box tests. - this approach is useful for testing the functionality of functions based solely on their output or results. 7. unit-based testing (ubt): - test functions and modules in isolation using a test runner. - use frameworks like unittest and its ubt features to run individual tests and define test suites. - ubt helps identify defects in individual units, reducing the overall test suite execution time. 8. data-driven testing: - use test data as input to simulate real-world scenarios and scenarios. - write tests that execute against a variety of data sets to ensure the functionality and behavior are consistent across different conditions."
## Interview Questions on Python programming:,"['1. **What is Python, and what are its key features?**', '2. **Explain the difference between a variable and an object in Python.**', '3. **Describe the difference between an operator and a function in Python.**', '4. **Explain the concept of recursion in Python.**', '5. **What are some common data structures in Python?**', '6. **What is a class and how do you create and use them?**', '7. **What is the difference between an exception and an error in Python?**', '8. **What are the different ways to handle exceptions in Python?**', '9. **What is object-oriented programming in Python? How is it different from object-oriented programming in other languages?**', '10. **Give an example of a complex Python program that demonstrates the use of all the concepts covered in this interview.**']",## interview questions on python programming:,"1. what is python, and what are its key features? 2. explain the difference between a variable and an object in python. 3. describe the difference between an operator and a function in python. 4. explain the concept of recursion in python. 5. what are some common data structures in python? 6. what is a class and how do you create and use them? 7. what is the difference between an exception and an error in python? 8. what are the different ways to handle exceptions in python? 9. what is object-oriented programming in python? how is it different from object-oriented programming in other languages? 10. give an example of a complex python program that demonstrates the use of all the concepts covered in this interview."
 How can you define a function in Python?,"['A function in Python is a special type of named variable that contains a block of code. The code in a function can perform a specific task or set of tasks. A function can take multiple parameters, which are used in the execution of the function. It can also return a value.', 'Here are some examples of functions:', '```python', '# Define a simple function that returns the square of a number', 'def square(x):', '  return x * x', '# Define a function that adds two numbers', 'def add(a, b):', '  return a + b', '# Define a function that prints the message ""Hello, world!""', 'def hello_world():', '  print(""Hello, world!"")', '# Call a function', 'print(square(5))', 'print(add(5, 10))', 'hello_world()', '```']",how can you define a function in python?,"a function in python is a special type of named variable that contains a block of code. the code in a function can perform a specific task or set of tasks. a function can take multiple parameters, which are used in the execution of the function. it can also return a value. here are some examples of functions:"
 How can you pass arguments to a function in Python?,"['There are two main ways to pass arguments to a function in Python:', '1. **Passing arguments explicitly** within the function call.', '2. **Passing arguments as part of the function object** when calling the function.', '**1. Passing Arguments Explicitly**', 'To pass arguments explicitly, you can specify them in the parentheses of the function call. Each argument should be surrounded by parentheses, and the names of the arguments should match the names defined in the function definition.', ""For example, the following code shows how to pass the two arguments 'name' and 'age' to the 'print_person' function:"", '```python', '# Define a function called print_person with two arguments', 'def print_person(name, age):', ""    # Print the person's name and age"", '    print(f""Hello, {name}!"")', '    print(f""You are {age} years old."")', '# Call the print_person function with two arguments', 'print_person(""John"", 30)', '```', '**2. Passing Arguments as Part of the Function Object**', 'Another way to pass arguments is to pass them as part of the function object that is created and called. This approach allows you to group multiple arguments together and pass them as a single object.', ""For example, the following code shows how to pass three arguments to the 'add_three_numbers' function as part of a function object:"", '```python', '# Define a function that takes three arguments as part of an object', 'class Person:', '    def __init__(self, name, age, city):', '        self.name = name', '        self.age = age', '        self.city = city', '    def add_three_numbers(self):', '        return self.name + self.age + self.city', '# Create a Person object with three arguments', 'person = Person(""John"", 30, ""New York"")', '# Call the add_three_numbers method on the person object', 'result = person.add_three_numbers()', 'print(result)', '```', '**Which method to choose?**', 'The best way to pass arguments to a function in Python can depend on the specific requirements of the function. If you need to pass only a few arguments, passing them explicitly may be the best option. However, if you have multiple arguments that are related and should be grouped together, passing them as part of an object may be a better choice.']",how can you pass arguments to a function in python?,"there are two main ways to pass arguments to a function in python: 1. passing arguments explicitly within the function call. 2. passing arguments as part of the function object when calling the function. 1. passing arguments explicitly to pass arguments explicitly, you can specify them in the parentheses of the function call. each argument should be surrounded by parentheses, and the names of the arguments should match the names defined in the function definition. for example, the following code shows how to pass the two arguments 'name' and 'age' to the 'print_person' function: 2. passing arguments as part of the function object another way to pass arguments is to pass them as part of the function object that is created and called. this approach allows you to group multiple arguments together and pass them as a single object. for example, the following code shows how to pass three arguments to the 'add_three_numbers' function as part of a function object: which method to choose? the best way to pass arguments to a function in python can depend on the specific requirements of the function. if you need to pass only a few arguments, passing them explicitly may be the best option. however, if you have multiple arguments that are related and should be grouped together, passing them as part of an object may be a better choice."
 What is a default value in a function?,['A default value is a value that a function returns if no explicit value is provided when calling the function.'],what is a default value in a function?,a default value is a value that a function returns if no explicit value is provided when calling the function.
 How can you return multiple values from a function in Python?,"['There are several ways to return multiple values from a function in Python, including:', '* **Using a tuple**', '* **Using a list**', '* **Using a dictionary**', '* **Using the return keyword**', 'Here are some examples of how each method can be used:', '**Tuples**', 'Tuples are ordered collections of items that are returned by a function. They are created using parentheses, and the items inside the parentheses are separated by commas. For example:', '```python', 'def multiple_returns():', '    return 1, 2, 3', 'results = multiple_returns()', 'print(results)', '```', 'This example will print the following output to the console:', '```', '(1, 2, 3)', '```', '**Lists**', 'Lists are ordered collections of items that are returned by a function. They are created using square brackets, and the items inside the square brackets are separated by commas. For example:', '```python', 'def multiple_returns():', '    return [""apple"", ""banana"", ""cherry""]', 'results = multiple_returns()', 'print(results)', '```', 'This example will print the following output to the console:', '```', ""['apple', 'banana', 'cherry']"", '```', '**Dictionaries**', 'Dictionaries are unordered collections of key-value pairs. They are created using curly braces, and the keys and values are separated by commas. For example:', '```python', 'def multiple_returns():', '    return {""name"": ""John"", ""age"": 30, ""city"": ""New York""}', 'results = multiple_returns()', 'print(results)', '```', 'This example will print the following output to the console:', '```', ""{'name': 'John', 'age': 30, 'city': 'New York'}"", '```', '**Return keyword**', 'The `return` keyword can be used to return a single value from a function. For example:', '```python', 'def multiple_returns():', '    return 1', 'results = multiple_returns()', 'print(results)', '```', 'This example will print the following output to the console:', '```', '1', '```', '**Choosing the right method**', 'The best method for returning multiple values from a function depends on the specific requirements of your application. If you are returning a small number of values, a tuple or list may be the best option. If you are returning a large number of values, a dictionary may be a better choice. And if you only need to return a single value, the `return` keyword is a simple option.']",how can you return multiple values from a function in python?,"there are several ways to return multiple values from a function in python, including: * using a tuple * using a list * using a dictionary * using the return keyword here are some examples of how each method can be used: tuples tuples are ordered collections of items that are returned by a function. they are created using parentheses, and the items inside the parentheses are separated by commas. for example: this example will print the following output to the console: lists lists are ordered collections of items that are returned by a function. they are created using square brackets, and the items inside the square brackets are separated by commas. for example: this example will print the following output to the console: dictionaries dictionaries are unordered collections of key-value pairs. they are created using curly braces, and the keys and values are separated by commas. for example: this example will print the following output to the console: return keyword the return keyword can be used to return a single value from a function. for example: this example will print the following output to the console: choosing the right method the best method for returning multiple values from a function depends on the specific requirements of your application. if you are returning a small number of values, a tuple or list may be the best option. if you are returning a large number of values, a dictionary may be a better choice. and if you only need to return a single value, the return keyword is a simple option."
 How can you create a string literal?,"['A string literal is created by enclosing a sequence of characters in double quotes. The characters in the string are not escaped.', 'Example:', '```python', 'string_literal = ""Hello world!""', '```', 'In the example above, the string literal ""Hello world!"" is created using double quotes. The characters in the string are not escaped, and they appear exactly as they are typed.', 'Another example:', '```python', ""string_literal = 'Hello world!'"", '```', ""In this example, the string literal 'Hello world!' is created using single quotes. The quotes are used to enclose the characters in the string, and they are not included in the string."", 'Note that string literals can be used to store complex data, such as numbers, dates, and strings. They can also be used to create strings dynamically, at runtime.']",how can you create a string literal?,"a string literal is created by enclosing a sequence of characters in double quotes. the characters in the string are not escaped. example: in the example above, the string literal ""hello world!"" is created using double quotes. the characters in the string are not escaped, and they appear exactly as they are typed. another example: in this example, the string literal 'hello world!' is created using single quotes. the quotes are used to enclose the characters in the string, and they are not included in the string. note that string literals can be used to store complex data, such as numbers, dates, and strings. they can also be used to create strings dynamically, at runtime."
 What are the different ways to print a string in Python?,"['Sure. Here are the different ways to print a string in Python:', '1. **print(variable_name)**: This is the most basic way to print a variable. The variable_name parameter should be a variable containing a string.', '2. **print(""string"")**: This method is similar to the print() function but with a string argument. The string argument will be printed in quotation marks.', '3. **print(string, end="""")**: This method prints the string string followed by an optional end parameter. The end parameter can be a string, a tuple, or a None value. The default value for the end parameter is a newline character.', '4. **print(string, file)**: This method prints the string string to a file specified by the file parameter. The file parameter is a file object or the name of a file.', '5. **print(*variable_list)**: This method prints the elements of the variable_list variable, passing each element as a separate argument to the print() function.', '6. **print(function(string)**): This method calls the function function with the string as an argument and prints the return value.', '7. **print(string, sep="""", end="""")**: This method prints the string string followed by an optional end parameter. The end parameter is a string, a tuple, or a None value. The default value for the end parameter is a newline character.', '8. **print(string, sep="""", end="""")**: This method prints the string string followed by an optional end parameter. The end parameter is a string, a tuple, or a None value. The default value for the end parameter is a newline character.', '9. **format(variable, string)**: This method formats the value of the variable variable according to a string template string and then prints the formatted string.']",what are the different ways to print a string in python?,"here are the different ways to print a string in python: 1. print(variable_name): this is the most basic way to print a variable. the variable_name parameter should be a variable containing a string. 2. print(""string""): this method is similar to the print() function but with a string argument. the string argument will be printed in quotation marks. 3. print(string, end=""""): this method prints the string string followed by an optional end parameter. the end parameter can be a string, a tuple, or a none value. the default value for the end parameter is a newline character. 4. print(string, file): this method prints the string string to a file specified by the file parameter. the file parameter is a file object or the name of a file. 5. print(*variable_list): this method prints the elements of the variable_list variable, passing each element as a separate argument to the print() function. 6. print(function(string)): this method calls the function function with the string as an argument and prints the return value. 7. print(string, sep="""", end=""""): this method prints the string string followed by an optional end parameter. the end parameter is a string, a tuple, or a none value. the default value for the end parameter is a newline character. 8. print(string, sep="""", end=""""): this method prints the string string followed by an optional end parameter. the end parameter is a string, a tuple, or a none value. the default value for the end parameter is a newline character. 9. format(variable, string): this method formats the value of the variable variable according to a string template string and then prints the formatted string."
 How can you iterate over a file in Python?,"['Sure, here are two ways to iterate over a file in Python:', '**1. Using a `for` loop:**', '- Open the file using the `open` function.', '- Use a `for` loop to iterate over each line in the file.', '- Each iteration, the `line` variable will contain the current line.', '- You can access individual characters in the line using the `line[index]` syntax, where `index` is the index position of the character.', '```python', '# Open the file', 'file_name = ""myfile.txt""', 'with open(file_name, ""r"") as file:', '    # Iterate over each line', '    for line in file:', '        # Print the line', '        print(line)', '```', '**2. Using the `readlines` method:**', '- Pass a filename as an argument to the `readlines` method of a file object.', '- This method returns a list of all lines in the file.', '- You can use a `for` loop to iterate over the list of lines.', '```python', '# Open the file', 'file_name = ""myfile.txt""', 'with open(file_name, ""r"") as file:', '    # Get all lines as a list', '    lines = file.readlines()', '    # Iterate over the lines', '    for line in lines:', '        # Print the line', '        print(line)', '```', '**Tips:**', '- Use the `strip` method to remove leading and trailing whitespaces from each line.', '- Use the `lower` method to case-insensitive comparisons.', '- Use the `join` method to concatenate multiple lines into a single string.', '- Use the `seek` method to jump to a specific position in the file.', '- Use the `tell` method to get the current position in the file.']",how can you iterate over a file in python?,"1. using a for loop: - open the file using the open function. - use a for loop to iterate over each line in the file. - each iteration, the line variable will contain the current line. - you can access individual characters in the line using the line syntax, where index is the index position of the character. 2. using the readlines method: - pass a filename as an argument to the readlines method of a file object. - this method returns a list of all lines in the file. - you can use a for loop to iterate over the list of lines. tips: - use the strip method to remove leading and trailing whitespaces from each line. - use the lower method to case-insensitive comparisons. - use the join method to concatenate multiple lines into a single string. - use the seek method to jump to a specific position in the file. - use the tell method to get the current position in the file."
 What is regular expression and how can you use it in Python?,"['**Regular expression (regex)** is a pattern-matching mechanism for Python that allows you to match strings based on specific patterns.', ""**Here's how you can use regular expressions in Python:**"", '```python', 'import re', '# Define a regular expression', 'regex_pattern = r""\\w+""', '# Match the string against the regular expression', 'string = ""This is a string.""', 'match = re.search(regex_pattern, string)', '# Print the match', 'print(match.group())', '```', '**Output:**', '```', 'This is a string.', '```', '**Explanation:**', '* `\\w+` matches one or more alphanumeric characters.', '* `r""\\w+""` specifies the regular expression as a string.', '**Benefits of using regular expressions in Python:**', '* **Pattern matching:** You can match against specific patterns and extract specific parts of the string.', '* **Text search:** You can search for strings that match a specific pattern.', '* **Data cleaning:** Regex can be used to clean and normalize text data.', '**Additional Notes:**', '* There are many built-in functions in the `re` module for performing different tasks, such as searching, replacing, and capturing groups.', '* Regular expressions can be more flexible than other string matching techniques, such as str.startswith() or str.endswith().', '* Understanding regular expressions is important for various text processing and web development tasks.']",what is regular expression and how can you use it in python?,"regular expression (regex) is a pattern-matching mechanism for python that allows you to match strings based on specific patterns. here's how you can use regular expressions in python: output: explanation: * \w+ matches one or more alphanumeric characters. * r""\w+"" specifies the regular expression as a string. benefits of using regular expressions in python: * pattern matching: you can match against specific patterns and extract specific parts of the string. * text search: you can search for strings that match a specific pattern. * data cleaning: regex can be used to clean and normalize text data. additional notes: * there are many built-in functions in the re module for performing different tasks, such as searching, replacing, and capturing groups. * regular expressions can be more flexible than other string matching techniques, such as str.startswith() or str.endswith(). * understanding regular expressions is important for various text processing and web development tasks."
 What is a list in Python?,"['Sure, here is a brief description of what a list is in Python:', 'A list is a data structure that stores a collection of items of the same type. These items can be numbers, strings, characters, or even other lists.', 'Here are some key features of lists:', '* **Order:** Lists are unordered, meaning the items are not stored in a specific order.', '* **Data types:** Elements in a list can be of different types, such as numbers, strings, or even other lists.', '* **Access elements:** Each element in a list can be accessed using its index.', '* **Iteration:** Lists can be iterated over using a for loop.', '* **Operations:** Lists provide various operations, such as concatenation, slicing, and searching.', ""Here's an example of creating and printing a list in Python:"", '```python', 'fruits = [""apple"", ""banana"", ""cherry""]', 'print(fruits)', '```', 'Output:', '```', ""['apple', 'banana', 'cherry']"", '```', 'This code creates a list called `fruits` with three elements and then prints the list using the `print` function.']",what is a list in python?,"a list is a data structure that stores a collection of items of the same type. these items can be numbers, strings, characters, or even other lists. here are some key features of lists: * order: lists are unordered, meaning the items are not stored in a specific order. * data types: elements in a list can be of different types, such as numbers, strings, or even other lists. * access elements: each element in a list can be accessed using its index. * iteration: lists can be iterated over using a for loop. * operations: lists provide various operations, such as concatenation, slicing, and searching. here's an example of creating and printing a list in python: output: this code creates a list called fruits with three elements and then prints the list using the print function."
 How can you create a list in Python?,"[""Sure. Here's how you can create a list in Python:"", '```python', '# Create a list of elements', 'numbers = [1, 2, 3, 4, 5]', '# Print the list', 'print(numbers)', '# Access an element in the list', 'print(numbers[2])', '```', '**Explanation:**', '1. `numbers = [...]` is the syntax used to create a list.', '    - `numbers` is a variable name.', '    - `[1, 2, 3, 4, 5]` is the list of elements.', '2. `print(numbers)` prints the list to the console.', '3. `print(numbers[2])` prints the value of the element at index 2 in the list.', '**Output:**', '```', '[1, 2, 3, 4, 5]', '3', '```', 'This code will create a list named `numbers` with the elements 1, 2, 3, 4, and 5. Then, it will print the list and access the element at index 2 (3).']",how can you create a list in python?,"is the syntax used to create a list.', ' - numbers is a variable name.', ' - is the list of elements.', '2. print(numbers) prints the list to the console.', '3. print(numbers) prints the value of the element at index 2 in the list.', 'output:', '', 'this code will create a list named numbers with the elements 1, 2, 3, 4, and 5. then, it will print the list and access the element at index 2 (3).']"
 How can you append or remove an element from a list?,"['**Append element to a list**', 'There are three main ways to append an element to a list:', '* **Using the append() method:** The append() method takes a single argument, which is the element to be appended. It returns the new length of the list.', '```python', 'list1 = [1, 2, 3, 4, 5]', 'list1.append(6)', 'print(list1)', '```', '* **Using indexing:** You can use the index of the last element of the list and then append the desired element at that index. ', '```python', 'list1 = [1, 2, 3, 4, 5]', 'list1[len(list1)] = 6', 'print(list1)', '```', '* **Using concatenation:** You can concatenate the desired element to the end of the list with the string `""+""`. ', '```python', 'list1 = [1, 2, 3, 4, 5]', 'list1 = list1 + [6]', 'print(list1)', '```', '**Remove element from a list**', 'To remove an element from a list, you can use the `pop()` method. The `pop()` method takes an optional argument, which is the index of the element to be removed. If no index is specified, the last element of the list is removed.', '```python', 'list1 = [1, 2, 3, 4, 5]', 'list1.pop()', 'print(list1)', '```', '* **Using slicing:** You can slice the list from the beginning to the last element, excluding the last element. ', '```python', 'list1 = [1, 2, 3, 4, 5]', 'list1 = list1[:len(list1) - 1]', 'print(list1)', '```']",how can you append or remove an element from a list?,"append element to a list there are three main ways to append an element to a list: * using the append() method: the append() method takes a single argument, which is the element to be appended. it returns the new length of the list. * using indexing: you can use the index of the last element of the list and then append the desired element at that index. * using concatenation: you can concatenate the desired element to the end of the list with the string ""+"". remove element from a list to remove an element from a list, you can use the pop() method. the pop() method takes an optional argument, which is the index of the element to be removed. if no index is specified, the last element of the list is removed. * using slicing: you can slice the list from the beginning to the last element, excluding the last element."
 How can you access an element of a tuple?,"['There are two main ways to access an element of a tuple:', '1. **Using the square bracket notation.** This notation allows you to access the element by its index. The index starts from 0, and goes up to the length of the tuple minus 1.', ""2. **Using the slice notation.** This notation allows you to access the element by its position. The position is based on the element's index in the tuple."", '**Example:**', '```python', ""tuple1 = ('hello', 'world')"", 'print(tuple1[1])', '```', '**Output:**', '```', 'world', '```', '**Explanation:**', '* The `tuple1` is a tuple with two elements, `hello` and `world`.', '* The `[1]` index accesses the element at index 1 in the tuple.', '* The output is `world`, as it is the second element in the tuple.']",how can you access an element of a tuple?,"there are two main ways to access an element of a tuple: 1. using the square bracket notation. this notation allows you to access the element by its index. the index starts from 0, and goes up to the length of the tuple minus 1. 2. using the slice notation. this notation allows you to access the element by its position. the position is based on the element's index in the tuple. example: output: explanation: * the tuple1 is a tuple with two elements, hello and world. * the index accesses the element at index 1 in the tuple. * the output is world, as it is the second element in the tuple."
 How can you append or remove an element from a tuple?,"['**Appending an element:**', '* Use the `append()` method. This method takes a single parameter, which is the element you want to add to the tuple. ', '* The `append()` method will return the new length of the tuple. ', '* You can also append multiple elements by passing a list of elements as the parameter.', '```python', 'tuple1 = (1, 2, 3, 4, 5)', 'tuple1.append(6)', 'print(tuple1)', '```', '**Removing an element:**', '* Use the `remove()` method. This method takes a single parameter, which is the element you want to remove from the tuple. ', '* The `remove()` method will return the removed element. ', '* You can also remove multiple elements by passing a list of elements as the parameter.', '```python', 'tuple2 = (1, 2, 3, 4, 5)', 'tuple2.remove(3)', 'print(tuple2)', '```', '**Example:**', '```python', 'tuple = (1, 2, 3, 4, 5)', '# Append an element', 'tuple.append(6)', '# Remove an element', 'tuple.remove(3)', '# Print the tuple', 'print(tuple)', '```', 'Output:', '```', '(1, 2, 4, 5)', '```']",how can you append or remove an element from a tuple?,"appending an element: * use the append() method. this method takes a single parameter, which is the element you want to add to the tuple. * the append() method will return the new length of the tuple. * you can also append multiple elements by passing a list of elements as the parameter. removing an element: * use the remove() method. this method takes a single parameter, which is the element you want to remove from the tuple. * the remove() method will return the removed element. * you can also remove multiple elements by passing a list of elements as the parameter. example: output:"
 What is a set in python?,"['A set is a collection of unique items in Python. Sets are created using the curly braces { }.', 'A set is different from a list in the following ways:', '- Sets do not allow duplicate items', ' - Lists allow duplicate items', ' - Sets have no order', ' - Lists have a specific order', 'Here are some examples of sets in Python:', '```python', 'set1 = {1, 2, 3}', 'print(set1)', 'set2 = {1, 2, 3}', 'print(set2)', 'set3 = {1, 2, 3, 1}', 'print(set3)', '```', 'The output of these examples will be:', '```', '{1, 2, 3}', '{1, 2, 3}', '{1}', '```', 'Here are some operations that can be performed on sets:', '- Union: The union of two sets is a new set that contains all the elements of both sets.', '- Intersection: The intersection of two sets is a new set that contains only the elements that are common to both sets.', '- Difference: The difference of two sets is a new set that contains all the elements of the first set that are not in the second set.', '- Complement: The complement of a set is a new set that contains all the elements of the universe (set of all possible values) that are not in the given set.', 'Sets are useful in many applications, such as managing unique items in a collection, removing duplicate items from a list, or finding the distinct elements in a set.']",what is a set in python?,"a set is a collection of unique items in python. sets are created using the curly braces { }. a set is different from a list in the following ways: - sets do not allow duplicate items - lists allow duplicate items - sets have no order - lists have a specific order here are some examples of sets in python: the output of these examples will be: here are some operations that can be performed on sets: - union: the union of two sets is a new set that contains all the elements of both sets. - intersection: the intersection of two sets is a new set that contains only the elements that are common to both sets. - difference: the difference of two sets is a new set that contains all the elements of the first set that are not in the second set. - complement: the complement of a set is a new set that contains all the elements of the universe (set of all possible values) that are not in the given set. sets are useful in many applications, such as managing unique items in a collection, removing duplicate items from a list, or finding the distinct elements in a set."
 How can you append or remove an element from a set?,"['**Appending an element**', ""- Use the '+' operator to add an element to the set."", '- For example, the following code adds the element ""10"" to the set:', '```python', 'my_set = {1, 2, 3, 10}', 'my_set.append(10)', 'print(my_set)', '```', '- The output of this code will be:', '```', '{1, 2, 3, 10}', '```', '**Removing an element**', ""- Use the '-' operator to remove an element from the set."", '- For example, the following code removes the element ""10"" from the set:', '```python', 'my_set = {1, 2, 3, 10}', 'my_set.remove(10)', 'print(my_set)', '```', '- The output of this code will be:', '```', '{1, 2, 3}', '```', '**Example**', '```python', 'my_set = {1, 2, 3, 4, 5}', '# Append an element', 'my_set.append(6)', '# Remove an element', 'my_set.remove(4)', '# Print the set', 'print(my_set)', '```', '**Output**', '```', '{1, 2, 3, 5}', '```']",how can you append or remove an element from a set?,"appending an element - use the '+' operator to add an element to the set. - for example, the following code adds the element ""10"" to the set: - the output of this code will be: removing an element - use the '-' operator to remove an element from the set. - for example, the following code removes the element ""10"" from the set: - the output of this code will be: example output"
 How do you iterate over a set?,"['There are two main ways to iterate over a set in Python:', '1. Using a for loop', '2. Using the for expression', '**Using a For Loop:**', 'The following example demonstrates the for loop syntax:', '```python', 'my_set = {1, 2, 3, 4, 5}', 'for item in my_set:', '  print(item)', '```', '**Output:**', '```', '1', '2', '3', '4', '5', '```', '**Using the For Expression:**', 'The following example demonstrates the for expression syntax:', '```python', 'my_set = {1, 2, 3, 4, 5}', 'for item in my_set:', '  print(item)', '```', '**Output:**', 'The same output as the for loop.', '**Additional Notes:**', '* You can also iterate over a set using the enumerate() function, which takes an iterator as its iterable.', '* You can use the range() function to generate a sequence of numbers that you can iterate over.', '* You can use the isinstance() function to check the type of an item in the set.']",how do you iterate over a set?,"there are two main ways to iterate over a set in python: 1. using a for loop 2. using the for expression using a for loop: the following example demonstrates the for loop syntax: output: using the for expression: the following example demonstrates the for expression syntax: output: the same output as the for loop. additional notes: * you can also iterate over a set using the enumerate() function, which takes an iterator as its iterable. * you can use the range() function to generate a sequence of numbers that you can iterate over. * you can use the isinstance() function to check the type of an item in the set."
 What is a dictionary in Python?,"['A dictionary in Python is a type of container that stores key-value pairs. Keys in a dictionary are strings that identify the key of a value, and values can be any Python type. Dictionaries allow you to easily access and modify values associated with a specific key. They also provide methods for iterating through the key-value pairs in a dictionary.']",what is a dictionary in python?,"a dictionary in python is a type of container that stores key-value pairs. keys in a dictionary are strings that identify the key of a value, and values can be any python type. dictionaries allow you to easily access and modify values associated with a specific key. they also provide methods for iterating through the key-value pairs in a dictionary."
 How can you access an element of a dictionary?,"['There are two main ways to access an element of a dictionary:', '**1. Using the key**', ' - The key is the name of the element you want to access.', ' - It must exist within the dictionary and must match the specified key.', '**2. Using the index**', ' - The index is the position of the element in the dictionary, starting from 0.', ' - It can be accessed using the integer value of the key.', ""Here's an example to demonstrate both ways:"", '```python', '# Create a dictionary', 'my_dict = {""name"": ""John"", ""age"": 30, ""city"": ""New York""}', '# Access element by key', 'name = my_dict[""name""]', 'age = my_dict[""age""]', '# Access element by index', 'index = 0', 'name = my_dict[index]', 'print(f""Name: {name}"")', 'print(f""Age: {age}"")', 'print(f""Index: {index}"")', '```', 'The output will be:', '```', 'Name: John', 'Age: 30', 'Index: 0', '```', '**Additional notes:**', '* You can also access a value by specifying both the key and the index, separated by a comma.', ""* If the key doesn't exist, it will raise a KeyError exception."", '* You can also use string indexing to access elements by name, for example: `my_dict[""name""][0]` will give you the first character of the name.']",how can you access an element of a dictionary?,"there are two main ways to access an element of a dictionary: 1. using the key - the key is the name of the element you want to access. - it must exist within the dictionary and must match the specified key. 2. using the index - the index is the position of the element in the dictionary, starting from 0. - it can be accessed using the integer value of the key. here's an example to demonstrate both ways: the output will be: additional notes: * you can also access a value by specifying both the key and the index, separated by a comma. * if the key doesn't exist, it will raise a keyerror exception. * you can also use string indexing to access elements by name, for example: my_dict will give you the first character of the name."
 How can you add or remove a key-value pair from a dictionary?,"['**Adding Key-Value Pair:**', '* Use the `update()` method.', '* Pass a dictionary as the first argument, and the key and value as the second and third arguments, respectively.', '```python', 'dictionary = {""name"": ""John"", ""age"": 30}', 'dictionary.update({""city"": ""New York""})', 'print(dictionary)', '```', '**Removing Key-Value Pair:**', '* Use the `pop()` method.', '* Pass the key as the arguments.', '```python', 'dictionary = {""name"": ""John"", ""age"": 30}', 'del dictionary[""age""]', 'print(dictionary)', '```', '**Key Note:**', '* The order of key-value pairs in a dictionary is preserved.', '* The `pop()` method removes the key and its corresponding value from the dictionary in the order they were added.']",how can you add or remove a key-value pair from a dictionary?,"adding key-value pair: * use the update() method. * pass a dictionary as the first argument, and the key and value as the second and third arguments, respectively. removing key-value pair: * use the pop() method. * pass the key as the arguments. key note: * the order of key-value pairs in a dictionary is preserved. * the pop() method removes the key and its corresponding value from the dictionary in the order they were added."
 How can you iterate over a dictionary?,"['Sure. There are two main ways to iterate over a dictionary:', '**1. Using a for loop:**', '```python', 'dict = {""key1"": ""value1"", ""key2"": ""value2""}', 'for key, value in dict.items():', '  print(key, value)', '```', '**2. Using the enumerate() function:**', '```python', 'dict = {""key1"": ""value1"", ""key2"": ""value2""}', 'for i, key, value in enumerate(dict.items()):', '  print(i, key, value)', '```', ""**Here's a breakdown of the code:**"", '* Both methods use a `for` loop to iterate over the keys and values of the dictionary.', '* `dict.items()` function returns tuples containing each key-value pair in the dictionary.', '* Inside the loop, we access the key and value of each pair and print them.', '* `enumerate()` function is a more concise and efficient way to iterate over the items in a dictionary.', '* It provides the index of the item in the dictionary alongside the key and value.', '**Note:**', '* Both methods will return the keys in the order they are defined in the dictionary, which can be different from the order of the values.', '* If the dictionary has multiple values for a single key, all values associated with that key will be iterated over.', '* You can access the value associated with a key by using the `value` variable.', '* You can access the key associated with a value by using the `key` variable.']",how can you iterate over a dictionary?,"there are two main ways to iterate over a dictionary: 1. using a for loop: 2. using the enumerate() function: here's a breakdown of the code: * both methods use a for loop to iterate over the keys and values of the dictionary. * dict.items() function returns tuples containing each key-value pair in the dictionary. * inside the loop, we access the key and value of each pair and print them. * enumerate() function is a more concise and efficient way to iterate over the items in a dictionary. * it provides the index of the item in the dictionary alongside the key and value. note: * both methods will return the keys in the order they are defined in the dictionary, which can be different from the order of the values. * if the dictionary has multiple values for a single key, all values associated with that key will be iterated over. * you can access the value associated with a key by using the value variable. * you can access the key associated with a value by using the key variable."
 What are the different ways to define regular expressions in Python?,"['Sure. Regular expressions in Python can be defined using the following methods:', '* `re.compile()` method', '* `re.match()` method', '* `re.search()` method', '* Raw string literals', 'Here is how each method works:', '1. `re.compile()` method:', '    * The `re.compile()` method takes a regular expression string and compiles it into a regular expression object.', '    * This object represents the regular expression, and it can be used for various operations, such as searching, matching, and replacing text.', '2. `re.match()` method:', '    * The `re.match()` method takes a regular expression string and a text string as input.', '    * It searches the text for a match and returns a match object if a match is found.', '3. `re.search()` method:', '    * The `re.search()` method is similar to the `re.match()` method, but it takes a regular expression string and a text string as input.', '    * It searches the text for the first match and returns the match object. If there is no match, it returns `None`.', '4. Raw string literals:', '    * Raw string literals are strings that contain special characters, such as `#`, `&`, and `*`.', '    * When used in a regular expression, these special characters need to be escaped with a backslash.', '    * Raw string literals are supported by all the methods mentioned above.']",what are the different ways to define regular expressions in python?,"regular expressions in python can be defined using the following methods: * re.compile() method * re.match() method * re.search() method * raw string literals here is how each method works: 1. re.compile() method: * the re.compile() method takes a regular expression string and compiles it into a regular expression object. * this object represents the regular expression, and it can be used for various operations, such as searching, matching, and replacing text. 2. re.match() method: * the re.match() method takes a regular expression string and a text string as input. * it searches the text for a match and returns a match object if a match is found. 3. re.search() method: * the re.search() method is similar to the re.match() method, but it takes a regular expression string and a text string as input. * it searches the text for the first match and returns the match object. if there is no match, it returns none. 4. raw string literals: * raw string literals are strings that contain special characters, such as #, &, and *. * when used in a regular expression, these special characters need to be escaped with a backslash. * raw string literals are supported by all the methods mentioned above."
 Give examples of using different regex functions in Python.,"['Sure. Here are examples of using different regex functions in Python:', '* **re.search()**:', '    * Searches for the string ""hello"" in the string ""hello world"".', '    * **Code**:', '        ```python', '        import re', '        string = ""hello world""', '        match = re.search(""hello"", string)', '        print(match)', '        ```', '    * **Output**:', '        ```', '        <re.Match object at 0x10052024010>', '        ```', '* **re.compile()**:', '    * Compiles the regular expression for the string ""hello"".', '    * **Code**:', '        ```python', '        import re', '        pattern = ""hello""', '        compiled_pattern = re.compile(pattern)', '        print(compiled_pattern.match(""hello""))', '        ```', '    * **Output**:', '        ```', '        <re.Match object at 0x10052024010>', '        ```', '* **re.match()**:', '    * Matches the first occurrence of the string ""hello"" in the string ""hello world"".', '    * **Code**:', '        ```python', '        import re', '        string = ""hello world""', '        match = re.match(""hello"", string)', '        print(match)', '        ```', '    * **Output**:', '        ```', '        hello', '        ```', '* **re.findall()**:', '    * Matches all occurrences of the string ""hello"" in the string ""hello world"".', '    * **Code**:', '        ```python', '        import re', '        string = ""hello world""', '        matches = re.findall(""hello"", string)', '        print(matches)', '        ```', '    * **Output**:', '        ```', ""        ['hello']"", '        ```', '* **re.replace()**:', '    * Replaces the first occurrence of the string ""hello"" with the string ""world"" in the string ""hello world"".', '    * **Code**:', '        ```python', '        import re', '        string = ""hello world""', '        replaced_string = re.replace(""hello"", ""world"", string)', '        print(replaced_string)', '        ```', '    * **Output**:', '        ```', '        hello world', '        ```', 'These are just a few examples of the many regular expression functions available in Python. With these functions, you can perform a variety of text manipulations, such as searching, matching, and replacing strings.']",give examples of using different regex functions in python.,"here are examples of using different regex functions in python: * re.search(): * searches for the string ""hello"" in the string ""hello world"". * code: * output: * re.compile(): * compiles the regular expression for the string ""hello"". * code: * output: * re.match(): * matches the first occurrence of the string ""hello"" in the string ""hello world"". * code: * output: * re.findall(): * matches all occurrences of the string ""hello"" in the string ""hello world"". * code: * output: * re.replace(): * replaces the first occurrence of the string ""hello"" with the string ""world"" in the string ""hello world"". * code: * output: these are just a few examples of the many regular expression functions available in python. with these functions, you can perform a variety of text manipulations, such as searching, matching, and replacing strings."
 Explain the importance of using proper regular expression for text cleaning and processing.,"['Sure, here are the importance of using proper regular expressions for text cleaning and processing:', '**1. Improved Data Accuracy:**', '- Regular expressions help identify and remove unwanted characters, such as spaces, punctuation, and special symbols.', '- This ensures that data is cleaned and consistent, improving data quality and integrity.', '**2. Enhanced Data Analysis:**', '- Regular expressions can be used to extract specific patterns and data from text, making it easier to perform data analysis and insights.', '- This can lead to improved decision-making and problem-solving.', '**3. Reduced Manual Effort:**', '- Regular expressions automate data cleaning tasks, reducing manual effort and saving time.', '- This allows data engineers and analysts to focus on more complex tasks.', '**4. Improved Data Consistency:**', '- Regular expressions help maintain data consistency by identifying and correcting variations or inconsistencies in text.', '- This ensures that data is stored and processed in the same format across different systems.', '**5. Compliance with Data Standards:**', '- Regular expressions can be used to ensure adherence to specific data standards and regulations, such as CSV, JSON, and XML.', '- This helps maintain data integrity and avoid compatibility issues.', '**6. Removal of Noise and Distracting Characters:**', '- Regular expressions can identify and remove noise characters, such as those caused by typing errors, formatting, or encoding issues.', '- This improves the quality of data by focusing on meaningful information.', '**7. Detection of Duplicates and Outliers:**', '- Regular expressions can identify duplicate entries or outliers by searching for patterns or characteristics that occur repeatedly.', '- This helps identify potential errors or inconsistencies in the data.', '**8. Text Similarity Searching:**', '- Regular expressions can be used to compare and search for similar text patterns, enabling text similarity analysis and clustering.', '- This can be valuable for text-based applications and natural language processing.', '**9. Removal of HTML Tags:**', '- Regular expressions can be used to remove HTML tags and other formatting elements from text, providing a clean and consistent representation.', '- This is useful for text analysis and machine learning tasks.', '**10. Enhancement of Textual Data:**', '- Regular expressions can enhance textual data by performing tasks such as stemming, lemmatization, and part-of-speech tagging.', '- This enriches the data with additional metadata.']",explain the importance of using proper regular expression for text cleaning and processing.,"1. improved data accuracy: - regular expressions help identify and remove unwanted characters, such as spaces, punctuation, and special symbols. - this ensures that data is cleaned and consistent, improving data quality and integrity. 2. enhanced data analysis: - regular expressions can be used to extract specific patterns and data from text, making it easier to perform data analysis and insights. - this can lead to improved decision-making and problem-solving. 3. reduced manual effort: - regular expressions automate data cleaning tasks, reducing manual effort and saving time. - this allows data engineers and analysts to focus on more complex tasks. 4. improved data consistency: - regular expressions help maintain data consistency by identifying and correcting variations or inconsistencies in text. - this ensures that data is stored and processed in the same format across different systems. 5. compliance with data standards: - regular expressions can be used to ensure adherence to specific data standards and regulations, such as csv, json, and xml. - this helps maintain data integrity and avoid compatibility issues. 6. removal of noise and distracting characters: - regular expressions can identify and remove noise characters, such as those caused by typing errors, formatting, or encoding issues. - this improves the quality of data by focusing on meaningful information. 7. detection of duplicates and outliers: - regular expressions can identify duplicate entries or outliers by searching for patterns or characteristics that occur repeatedly. - this helps identify potential errors or inconsistencies in the data. 8. text similarity searching: - regular expressions can be used to compare and search for similar text patterns, enabling text similarity analysis and clustering. - this can be valuable for text-based applications and natural language processing. 9. removal of html tags: - regular expressions can be used to remove html tags and other formatting elements from text, providing a clean and consistent representation. - this is useful for text analysis and machine learning tasks. 10. enhancement of textual data: - regular expressions can enhance textual data by performing tasks such as stemming, lemmatization, and part-of-speech tagging. - this enriches the data with additional metadata."
 Describe the use of metaclasses in Python.,"['**Metaclasses in Python**', 'Metaclasses in Python are a feature that allows you to dynamically create and manipulate classes at runtime. This allows you to extend and modify the behavior of classes at the heart of your program.', ""Here's how you can use metaclasses in Python:"", '1. **Class Metaclass:**', '   - Define a class that inherits from the `Meta` class.', '   - The `__new__()` method of the metaclass is called whenever you create a new class.', '   - This method allows you to modify the behavior of the class before it is created (e.g., setting default constructor values, adding methods, altering inheritance).', '2. **Class Creation:**', '   - Use the `type()` function to create a new class dynamically.', '   - Pass the metaclass class to the `type()` constructor as the first argument.', '   - This allows you to associate specific behaviors with the new class type.', '3. **Dynamic Methods:**', '   - Define methods within the metaclass that will be available for all instances of the class.', ""   - These methods will be dynamically inherited, ensuring they're available even when you create the class using `type`."", '4. **Metaclass and Inheritance:**', '   - You can inherit classes with metaclasses using the `__new__()` method.', '   - This allows you to extend the behavior of a class with the metaclass.', '**Example:**', '```python', '# Define a metaclass that sets default constructor values', 'class MyClassMeta(type):', '    def __new__(mcs, name, bases):', '        instance = super().__new__(mcs, name, bases)', '        instance.__init__.default_value = ""Default Value""', '        return instance', '# Create a class that inherits from MyClassMeta', 'class MyClass(metaclass=MyClassMeta):', '    pass', '# Create an instance of MyClass with default values', 'my_object = MyClass()', 'print(my_object.default_value)  # Output: Default Value', '```', '**Benefits of Metaclasses:**', '* **Dynamic Class Creation:** Create classes on the fly during runtime.', '* **Code Extension and Customization:** Add new behaviors to existing classes at runtime.', '* **Inheritance and Polymorphism:** Define behaviors for child classes based on their parent class.', '* **Code Reuse and Abstraction:** Create reusable classes with shared behavior.', '* **Metaclasses as Mixins:** Mix behavior from multiple classes at runtime.']",describe the use of metaclasses in python.,"metaclasses in python metaclasses in python are a feature that allows you to dynamically create and manipulate classes at runtime. this allows you to extend and modify the behavior of classes at the heart of your program. here's how you can use metaclasses in python: 1. class metaclass: - define a class that inherits from the meta class. - the new() method of the metaclass is called whenever you create a new class. - this method allows you to modify the behavior of the class before it is created (e.g., setting default constructor values, adding methods, altering inheritance). 2. class creation: - use the type() function to create a new class dynamically. - pass the metaclass class to the type() constructor as the first argument. - this allows you to associate specific behaviors with the new class type. 3. dynamic methods: - define methods within the metaclass that will be available for all instances of the class. - these methods will be dynamically inherited, ensuring they're available even when you create the class using type. 4. metaclass and inheritance: - you can inherit classes with metaclasses using the new() method. - this allows you to extend the behavior of a class with the metaclass. example: benefits of metaclasses: * dynamic class creation: create classes on the fly during runtime. * code extension and customization: add new behaviors to existing classes at runtime. * inheritance and polymorphism: define behaviors for child classes based on their parent class. * code reuse and abstraction: create reusable classes with shared behavior. * metaclasses as mixins: mix behavior from multiple classes at runtime."
 Explain the use of decorators in Python for code organization and enhancement.,"['**Decorators in Python for Code Organization and Enhancement**', ""Decorators in Python are a powerful mechanism that allows you to modify the behavior of a function, class, or module without changing the source code directly. They are defined using the `@` symbol followed by the name of the decorator function. The decorator function will be called for each function call, and its return value will replace the original function's return value."", '**Code Organization**', 'Decorators can be used to organize your code by grouping related functions or classes together. For example, you can use a decorator to wrap a function that performs some logging before executing the original function. This can help you keep your code cleaner and reduce duplication.', '**Code Enhancement**', 'Decorators can also be used to enhance the behavior of your code. For example, you can use a decorator to add authentication checks to a function. This can protect your code from unauthorized access and prevent malicious attacks.', '**Example**', '```python', 'def log_function(func):', '    def wrapper(*args, **kwargs):', '        print(""Calling function:"", func.__name__)', '        result = func(*args, **kwargs)', '        print(""Function returned:"", result)', '        return result', '    return wrapper', '@log_function', 'def my_function():', '    return ""Hello, world!""', '```', 'In this example, the `log_function` decorator is defined to print a message before and after running the decorated function. The `my_function` function is then decorated with the `log_function` decorator. When `my_function` is called, the `log_function` will be executed first and then run the original function.', '**Benefits of Decorators**', '* **Code organization**', '* **Code enhancement**', '* **Maintainability**', '* **Security**', 'Decorators are a powerful tool that can be used to improve the organization and enhancement of your Python code. They are easy to learn and use, and can save you a significant amount of time and effort.']",explain the use of decorators in python for code organization and enhancement.,"decorators in python for code organization and enhancement decorators in python are a powerful mechanism that allows you to modify the behavior of a function, class, or module without changing the source code directly. they are defined using the @ symbol followed by the name of the decorator function. the decorator function will be called for each function call, and its return value will replace the original function's return value. code organization decorators can be used to organize your code by grouping related functions or classes together. for example, you can use a decorator to wrap a function that performs some logging before executing the original function. this can help you keep your code cleaner and reduce duplication. code enhancement decorators can also be used to enhance the behavior of your code. for example, you can use a decorator to add authentication checks to a function. this can protect your code from unauthorized access and prevent malicious attacks. example in this example, the log_function decorator is defined to print a message before and after running the decorated function. the my_function function is then decorated with the log_function decorator. when my_function is called, the log_function will be executed first and then run the original function. benefits of decorators * code organization * code enhancement * maintainability * security decorators are a powerful tool that can be used to improve the organization and enhancement of your python code. they are easy to learn and use, and can save you a significant amount of time and effort."
 Describe the use of asyncio library for concurrent programming in Python.,"['**asyncio Library for Concurrent Programming**', 'The asyncio library is a Python library for implementing concurrent programming, which involves managing multiple threads or processes concurrently to improve the performance of applications. This library provides a high-level interface for creating, scheduling, and coordinating asynchronous tasks, allowing multiple threads to execute Python code concurrently without blocking the main thread.', '**Key Features of Asyncio:**', '* **Asynchronous Operations:** asyncio.run() function executes a function or coroutine asynchronously, allowing it to continue executing without blocking the main thread.', '* **Events:** The library uses events to keep track of task completion and errors, allowing you to handle them gracefully.', '* **Synchronization Mechanisms:** asyncio provides mechanisms for coordinating tasks, such as tasks, locks, and conditionals.', '* **Contexts:** Asyncio allows you to run multiple coroutines within a single thread using contexts.', '* **I/O Bounded Decorators:** You can use I/O bound decorators to specify that a function should only execute I/O (input/output) operations.', '**Example Usage:**', '```python', 'import asyncio', 'async def long_running_task():', '    print(""Starting long running task..."")', '    await asyncio.sleep(2)', '    print(""Task finished!"")', 'async def main_thread():', '    # Start the long running task', '    result = await long_running_task()', '    print(""Main thread continues..."")', '# Create and start an asynchronous task', 'asyncio.run(main_thread())', '```', '**Benefits of Using Asyncio:**', '* **Improved Performance:** By executing tasks concurrently, you can achieve significant speedups in application performance.', '* **Increased Scalability:** Asyncio allows you to scale your application by adding more threads or processes to handle multiple concurrent requests.', ""* **Enhanced Code Readability:** Asyncio's coroutines and events make it easier to write concurrent code, reducing the need for complex synchronization mechanisms."", '**Conclusion:**', 'The asyncio library provides a powerful and efficient way to implement concurrent programming in Python. It allows you to execute tasks asynchronously, handle events elegantly, and manage multiple threads or processes concurrently to improve the performance and scalability of your applications.']",describe the use of asyncio library for concurrent programming in python.,"asyncio library for concurrent programming the asyncio library is a python library for implementing concurrent programming, which involves managing multiple threads or processes concurrently to improve the performance of applications. this library provides a high-level interface for creating, scheduling, and coordinating asynchronous tasks, allowing multiple threads to execute python code concurrently without blocking the main thread. key features of asyncio: * asynchronous operations: asyncio.run() function executes a function or coroutine asynchronously, allowing it to continue executing without blocking the main thread. * events: the library uses events to keep track of task completion and errors, allowing you to handle them gracefully. * synchronization mechanisms: asyncio provides mechanisms for coordinating tasks, such as tasks, locks, and conditionals. * contexts: asyncio allows you to run multiple coroutines within a single thread using contexts. * i/o bounded decorators: you can use i/o bound decorators to specify that a function should only execute i/o (input/output) operations. example usage: benefits of using asyncio: * improved performance: by executing tasks concurrently, you can achieve significant speedups in application performance. * increased scalability: asyncio allows you to scale your application by adding more threads or processes to handle multiple concurrent requests. * enhanced code readability: asyncio's coroutines and events make it easier to write concurrent code, reducing the need for complex synchronization mechanisms. conclusion: the asyncio library provides a powerful and efficient way to implement concurrent programming in python. it allows you to execute tasks asynchronously, handle events elegantly, and manage multiple threads or processes concurrently to improve the performance and scalability of your applications."
 What is the use cases of multithreading and asyncio for parallel processing?,"['**Multithreading**', '* **High performance for CPU intensive tasks:** By dividing a long running task into smaller tasks, multithreading can achieve faster execution. ', '* **Support for multiple active threads:** Each thread has its dedicated stack memory, making it suitable for CPU-intensive operations. ', '* **Efficient communication between threads:** Threads can communicate with each other through shared memory segments, reducing overhead compared to other synchronization mechanisms.', '**Asyncio**', '* **Efficient handling of I/O bound tasks:** Asyncio excels in handling tasks that involve waiting for external data or network communication.', '* **Improved code readability:** It allows developers to write code with a more natural and readable syntax.', '* **Automatic resource management:** The framework manages resources like threads and processes, reducing boilerplate code.', '* **Support for coroutines:** Asyncio supports coroutines, enabling efficient execution of tasks that require cooperative execution.']",what is the use cases of multithreading and asyncio for parallel processing?,"multithreading * high performance for cpu intensive tasks: by dividing a long running task into smaller tasks, multithreading can achieve faster execution. * support for multiple active threads: each thread has its dedicated stack memory, making it suitable for cpu-intensive operations. * efficient communication between threads: threads can communicate with each other through shared memory segments, reducing overhead compared to other synchronization mechanisms. asyncio * efficient handling of i/o bound tasks: asyncio excels in handling tasks that involve waiting for external data or network communication. * improved code readability: it allows developers to write code with a more natural and readable syntax. * automatic resource management: the framework manages resources like threads and processes, reducing boilerplate code. * support for coroutines: asyncio supports coroutines, enabling efficient execution of tasks that require cooperative execution."
 Discuss about garbage collection in Python.,"['Sure. **Garbage Collection in Python**', '**What is garbage collection?**', 'Garbage collection is a mechanism implemented in Python that automatically cleans up unused memory resources and objects when they are no longer needed. Python utilizes a system called garbage collection to identify and free up memory occupied by objects that are no longer being used.', '**Process of garbage collection:**', '1. **Identification**: When an object is no longer referenced by any variable, the garbage collector identifies it as unused. This process involves using techniques like reference counting and object inspection.', '2. **Cleaning**: When the garbage collector identifies an object that is no longer referenced, it marks it for deletion. This involves setting a flag on the object, indicating that it is no longer needed.', '3. **Deletion**: The garbage collector periodically iterates over the identified objects and reclaims the memory occupied by them. This memory is then made available for other objects.', '**Types of garbage collection:**', '* **System garbage collection**: This occurs automatically after each garbage cycle. However, it may not collect all unused objects immediately.', '* **Manual garbage collection**: This involves explicitly calling a function, such as `gc.collect()`, to force garbage collection.', '**Benefits of garbage collection:**', '* **Memory efficiency**: GC eliminates the need to manually manage memory and reduces memory usage.', '* **Performance improvement**: By eliminating the need to manually manage memory, GC significantly improves the performance of Python programs.', '* **Bug detection**: GC can help identify memory-related bugs that would not be detected otherwise.', '**Considerations for garbage collection:**', '* **Performance impact**: GC can be expensive, especially on large datasets.', '* **False positives**: The garbage collector may identify valid objects as unused.', '* **Object lifecycles**: Some objects may not be collected immediately due to their complex lifecycles.', 'In summary, garbage collection in Python is an automatic memory management mechanism that cleans up unused objects and makes them available for other uses. It is essential for maintaining memory efficiency and improving the performance of Python programs.']",discuss about garbage collection in python.,"garbage collection in python what is garbage collection? garbage collection is a mechanism implemented in python that automatically cleans up unused memory resources and objects when they are no longer needed. python utilizes a system called garbage collection to identify and free up memory occupied by objects that are no longer being used. process of garbage collection: 1. identification: when an object is no longer referenced by any variable, the garbage collector identifies it as unused. this process involves using techniques like reference counting and object inspection. 2. cleaning: when the garbage collector identifies an object that is no longer referenced, it marks it for deletion. this involves setting a flag on the object, indicating that it is no longer needed. 3. deletion: the garbage collector periodically iterates over the identified objects and reclaims the memory occupied by them. this memory is then made available for other objects. types of garbage collection: * system garbage collection: this occurs automatically after each garbage cycle. however, it may not collect all unused objects immediately. * manual garbage collection: this involves explicitly calling a function, such as gc.collect(), to force garbage collection. benefits of garbage collection: * memory efficiency: gc eliminates the need to manually manage memory and reduces memory usage. * performance improvement: by eliminating the need to manually manage memory, gc significantly improves the performance of python programs. * bug detection: gc can help identify memory-related bugs that would not be detected otherwise. considerations for garbage collection: * performance impact: gc can be expensive, especially on large datasets. * false positives: the garbage collector may identify valid objects as unused. * object lifecycles: some objects may not be collected immediately due to their complex lifecycles. in summary, garbage collection in python is an automatic memory management mechanism that cleans up unused objects and makes them available for other uses. it is essential for maintaining memory efficiency and improving the performance of python programs."
 What are the different ways to implement unit testing in a Python project?,"['Sure. Here are different ways to implement unit testing in a Python project: ', '**1. Using the unittest Library:**', '* Install the `unittest` package: `pip install unittest`', '* Import the `unittest` module in your script: `import unittest`', '* Define your test cases using the `test_function` decorator:', '```python', 'def test_function():', '    assert True', '```', '* Run your tests: `python my_test_script.py`', '* Use the `assertTrue` method to assert that the condition is True: `assert True`', '**2. Using the Black Unit Test Framework:**', '* Install the `black-unit-test` package: `pip install black-unit-test`', '* Import the `unittest` module and the `black` module: `import unittest, black`', '* Define your test cases in a separate file, using the `test` class:', '```python', 'from unittest import TestCase', 'class TestClass(TestCase):', '    def test_function(self):', '        assert True', '```', '* Run your tests: `python -m black -s unittest my_test_script.py`', '**3. Using the Hypothesis Library:**', '* Install the `hypothesis` package: `pip install hypothesis`', '* Import the `hypothesis` module in your script: `import hypothesis`', '* Define your parametrized test cases:', '```python', 'from hypothesis import given, assume', '@given(n=5)', '@assume(all(int, min_value=1))', 'def test_function(n):', '    assert n > 0', '```', '* Run your tests: `python -m hypothesis test_function.py`', '**4. Using the Doctests Library:**', '* Install the `doctests` package: `pip install doctests`', '* Import the `doctests` module in your script: `import doctests`', '* Run your tests: `doctests --cover-dir my_project`', '**5. Using the Google Test Library:**', '* Install the `google-test` package: `pip install google-test`', '* Import the `google.test` module in your script: `import google.test`', '* Write your test cases in a `.test.py` file:', '```python', 'import unittest', 'from google.test import unittest', 'class TestClass(unittest.TestCase):', '    def test_function(self):', '        assert True', '```', 'Remember to choose the unit testing framework that best suits your needs and project requirements.']",what are the different ways to implement unit testing in a python project?,"here are different ways to implement unit testing in a python project: 1. using the unittest library: * install the unittest package: pip install unittest * import the unittest module in your script: import unittest * define your test cases using the test_function decorator: * run your tests: python my_test_script.py * use the asserttrue method to assert that the condition is true: assert true 2. using the black unit test framework: * install the black-unit-test package: pip install black-unit-test * import the unittest module and the black module: import unittest, black * define your test cases in a separate file, using the test class: * run your tests: python -m black -s unittest my_test_script.py 3. using the hypothesis library: * install the hypothesis package: pip install hypothesis * import the hypothesis module in your script: import hypothesis * define your parametrized test cases: * run your tests: python -m hypothesis test_function.py 4. using the doctests library: * install the doctests package: pip install doctests * import the doctests module in your script: import doctests * run your tests: doctests --cover-dir my_project 5. using the google test library: * install the google-test package: pip install google-test * import the google.test module in your script: import google.test * write your test cases in a .test.py file: remember to choose the unit testing framework that best suits your needs and project requirements."
 Discuss the role of unit tests in Python software development.,"['## The Role of Unit Tests in Python Software Development', ""Unit tests are an essential part of software development in Python. They offer numerous benefits that improve the quality, maintainability, and robustness of your code. Here's how they contribute:"", '**1. Early and Frequent Detection of Errors:**', 'Unit tests run automatically after each individual piece of code, ensuring that it functions as intended before integrating other modules. This helps identify bugs and errors early, when they are easier to fix.', '**2. Improved Code Quality:**', 'By exercising your code through unit testing, you can identify potential flaws and inconsistencies. This leads to cleaner and more readable code, reducing future maintenance costs.', '**3. Reduced Cognitive Load:**', 'Unit tests act as a documentation of your code, explaining its functionality and behavior. This reduces the cognitive load needed to understand and maintain complex programs.', '**4. Enhanced Confidence in Changes:**', ""Unit tests provide you with a clear understanding of your changes' impact. This confidence allows you to make informed decisions and reduces the risk of introducing new bugs."", '**5. Improved Testing Coverage:**', 'Unit tests can help ensure that your code covers all the essential scenarios. This leads to better testing coverage and reduces the likelihood of overlooking critical issues.', '**6. Separation of Concerns:**', 'Unit tests isolate specific functionalities, making it easier to understand and test them independently. This improves the maintainability and testability of your code.', '**7. Facilitating Collaboration:**', 'Unit tests can be easily shared and executed by other developers, fostering collaboration and reducing reliance on manual testing.', '**8. Identifying Edge Cases:**', 'Unit tests can be designed to test edge cases and scenarios that might be missed by traditional testing methods. This enhances the overall robustness and resilience of your code.', '**9. Testing Different Data Scenarios:**', 'While unit testing focuses on individual unit tests, it allows for testing with different data scenarios, ensuring that your code handles various edge cases and conditions effectively.', '**10. Continuous Integration of Tests:**', 'Unit tests can be seamlessly integrated into your CI/CD pipeline, ensuring that they run automatically during each build and deployment, catching problems promptly.', 'Overall, unit tests are an invaluable tool for software developers, helping to improve code quality, reduce development time and costs, and ensure the overall quality of your Python software.']",discuss the role of unit tests in python software development.,"## the role of unit tests in python software development unit tests are an essential part of software development in python. they offer numerous benefits that improve the quality, maintainability, and robustness of your code. here's how they contribute: 1. early and frequent detection of errors: unit tests run automatically after each individual piece of code, ensuring that it functions as intended before integrating other modules. this helps identify bugs and errors early, when they are easier to fix. 2. improved code quality: by exercising your code through unit testing, you can identify potential flaws and inconsistencies. this leads to cleaner and more readable code, reducing future maintenance costs. 3. reduced cognitive load: unit tests act as a documentation of your code, explaining its functionality and behavior. this reduces the cognitive load needed to understand and maintain complex programs. 4. enhanced confidence in changes: unit tests provide you with a clear understanding of your changes' impact. this confidence allows you to make informed decisions and reduces the risk of introducing new bugs. 5. improved testing coverage: unit tests can help ensure that your code covers all the essential scenarios. this leads to better testing coverage and reduces the likelihood of overlooking critical issues. 6. separation of concerns: unit tests isolate specific functionalities, making it easier to understand and test them independently. this improves the maintainability and testability of your code. 7. facilitating collaboration: unit tests can be easily shared and executed by other developers, fostering collaboration and reducing reliance on manual testing. 8. identifying edge cases: unit tests can be designed to test edge cases and scenarios that might be missed by traditional testing methods. this enhances the overall robustness and resilience of your code. 9. testing different data scenarios: while unit testing focuses on individual unit tests, it allows for testing with different data scenarios, ensuring that your code handles various edge cases and conditions effectively. 10. continuous integration of tests: unit tests can be seamlessly integrated into your ci/cd pipeline, ensuring that they run automatically during each build and deployment, catching problems promptly. overall, unit tests are an invaluable tool for software developers, helping to improve code quality, reduce development time and costs, and ensure the overall quality of your python software."
 Explain the concept of mock object in unit testing.,"['A mock object is an artificial object that acts as an intermediary between the tested object and the external world. It provides a controlled environment for testing the functionality of the tested object.', 'Here are some key aspects of mock objects:', '- **Stubbing:** Mocking involves mimicking real-world behavior of objects, such as a database or a web server.', '- **Isolation:** Mock objects can isolate the tested object from external dependencies, allowing you to test its functionality in isolation.', '- **Testability:** Mock objects make it easier to test the tested object by providing a controlled environment.', '- **Data manipulation:** Mock objects can be used to manipulate data in a controlled way, allowing you to test different scenarios.', 'Mock objects are often used in unit testing to provide a more realistic representation of the real world for testing purposes. By isolating the tested object from external dependencies, mock objects allow you to test its functionality independently, without being affected by external factors. This can help you identify bugs and improve the quality of your code.', 'Here are some examples of how mock objects are used in unit testing:', '* Mocking dependencies: A mock object can be created to replace the dependencies of the tested object, such as a database connection.', '* Isolating functionalities: A mock object can be used to isolate the tested object from external inputs, such as user data or configuration settings.', '* Providing different data: Mock objects can be used to provide different data scenarios to the tested object, allowing you to test different scenarios.']",explain the concept of mock object in unit testing.,"a mock object is an artificial object that acts as an intermediary between the tested object and the external world. it provides a controlled environment for testing the functionality of the tested object. here are some key aspects of mock objects: - stubbing: mocking involves mimicking real-world behavior of objects, such as a database or a web server. - isolation: mock objects can isolate the tested object from external dependencies, allowing you to test its functionality in isolation. - testability: mock objects make it easier to test the tested object by providing a controlled environment. - data manipulation: mock objects can be used to manipulate data in a controlled way, allowing you to test different scenarios. mock objects are often used in unit testing to provide a more realistic representation of the real world for testing purposes. by isolating the tested object from external dependencies, mock objects allow you to test its functionality independently, without being affected by external factors. this can help you identify bugs and improve the quality of your code. here are some examples of how mock objects are used in unit testing: * mocking dependencies: a mock object can be created to replace the dependencies of the tested object, such as a database connection. * isolating functionalities: a mock object can be used to isolate the tested object from external inputs, such as user data or configuration settings. * providing different data: mock objects can be used to provide different data scenarios to the tested object, allowing you to test different scenarios."
 How can you implement unit testing on web applications?,"['**Unit testing for web applications requires a strategic approach that focuses on isolated units within the application, enabling comprehensive testing of individual components without relying on external dependencies.**', '**Key steps to implement unit testing on web applications:**', '**1. Define clear unit boundaries:**', '* Identify individual web components that should be tested independently, considering their functionality and data dependencies.', '* Determine the scope of each test case, including input data, expected results, and boundary conditions.', '**2. Use automated testing tools:**', '* Leverage frameworks like Jest, Cypress, and Selenium to automate UI interactions and data-driven testing.', '* These tools can handle repetitive tasks, reducing manual effort and improving efficiency.', '**3. Mock external dependencies:**', '* Stub external dependencies, such as databases and third-party APIs, with mock objects during unit testing.', '* Mock dependencies can be controlled and verified independently, eliminating external factors that could influence test results.', '**4. Mock user interaction:**', '* Use mock user agents or simulate user interactions through keyboard and mouse events.', '* This allows testing component behavior in different scenarios, including logins, form submissions, and navigation.', '**5. Write clear and concise test cases:**', '* Use descriptive names and clear syntax to convey the expected behavior of each test case.', '* Include expected results, boundary conditions, and test steps in each test case.', '**6. Organize tests into suites:**', '* Group related tests into logical suites based on the component or functionality they test.', '* Grouping tests helps identify and fix problems early, improving code maintainability.', '**7. Test different aspects of the application:**', '* Test various aspects of the application, including UI elements, functionality, data validation, and security.', '* Comprehensive testing helps ensure the application functions as intended and meets quality standards.', '**8. Repeat and refine tests:**', '* Regularly test and refine tests to catch regressions and improve application quality over time.', '* Use feedback from testing to identify and fix issues before they impact the entire application.', '**9. Leverage unit testing principles:**', '* Follow SOLID principles (Single Responsibility, Open/Closed, Liskov Substitution, and Dependency Inversion) to structure tests effectively.', '* Unit testing helps isolate and verify individual components, making the codebase more maintainable and scalable.']",how can you implement unit testing on web applications?,"unit testing for web applications requires a strategic approach that focuses on isolated units within the application, enabling comprehensive testing of individual components without relying on external dependencies. key steps to implement unit testing on web applications: 1. define clear unit boundaries: * identify individual web components that should be tested independently, considering their functionality and data dependencies. * determine the scope of each test case, including input data, expected results, and boundary conditions. 2. use automated testing tools: * leverage frameworks like jest, cypress, and selenium to automate ui interactions and data-driven testing. * these tools can handle repetitive tasks, reducing manual effort and improving efficiency. 3. mock external dependencies: * stub external dependencies, such as databases and third-party apis, with mock objects during unit testing. * mock dependencies can be controlled and verified independently, eliminating external factors that could influence test results. 4. mock user interaction: * use mock user agents or simulate user interactions through keyboard and mouse events. * this allows testing component behavior in different scenarios, including logins, form submissions, and navigation. 5. write clear and concise test cases: * use descriptive names and clear syntax to convey the expected behavior of each test case. * include expected results, boundary conditions, and test steps in each test case. 6. organize tests into suites: * group related tests into logical suites based on the component or functionality they test. * grouping tests helps identify and fix problems early, improving code maintainability. 7. test different aspects of the application: * test various aspects of the application, including ui elements, functionality, data validation, and security. * comprehensive testing helps ensure the application functions as intended and meets quality standards. 8. repeat and refine tests: * regularly test and refine tests to catch regressions and improve application quality over time. * use feedback from testing to identify and fix issues before they impact the entire application. 9. leverage unit testing principles: * follow solid principles (single responsibility, open/closed, liskov substitution, and dependency inversion) to structure tests effectively. * unit testing helps isolate and verify individual components, making the codebase more maintainable and scalable."
 What are the best practices for unit testing in Python.,"['**Best Practices for Unit Testing in Python:**', ""**1. Using the 'unittest' Module:**"", ""- The 'unittest' module is the most commonly used unit testing module in Python."", '- It provides a clear and concise syntax for defining tests and organizing test cases.', ""- Use 'unittest' to write simple unit tests that focus on individual functions or methods."", '**2. Mocking Dependencies:**', ""- In unit tests, it's important to mock external dependencies, such as database connections or external libraries."", '- Mock these dependencies so that they behave as expected during testing.', '- This helps isolate the unit under test and prevent external factors from influencing test results.', '**3. Using Black Box Testing Techniques:**', '- Black box testing involves testing the output of a function or method without knowing its implementation.', '- Use techniques like input/output parameterization and side effects to test the behavior of functions.', '- This approach helps uncover errors in the logic and flow of the code.', '**4. Using a Testing Framework:**', ""- While not strictly a best practice, using a dedicated testing framework like 'Pytest' can improve test readability and maintainability."", '- Frameworks typically provide additional features, such as fixtures, parametrization, and reporting capabilities.', '**5. Testing Edge Cases and Invalid Data:**', '- Include test cases for boundary values (e.g., large numbers, null values, or special characters) to cover potential edge cases.', '- This helps identify issues and ensure that the code handles unexpected data gracefully.', '**6. Writing Clear and Concise Tests:**', '- Use descriptive and readable names for tests, functions, and modules.', '- Write clear and concise test descriptions that accurately describe expected behavior.', '- Keep tests focused and avoid unnecessary complexity.', '**7. Isolating Dependencies:**', '- Group closely related tests together to isolate dependencies and maintain test readability.', '- This also helps identify and fix issues more efficiently.', '**8. Testing in the Right Scope:**', '- Determine the appropriate scope for unit testing based on the complexity and dependencies of the code being tested.', '- Start with small, well-defined tests and gradually expand to more comprehensive coverage.', '**9. Testing in Isolation:**', ""- Keep tests independent of each other to avoid interference and ensure that changes in one test don't break others."", '**10. Running Unit Tests Efficiently:**', '- Utilize test runners to efficiently run numerous tests.', '- Choose an appropriate runner based on the size and complexity of the project.']",what are the best practices for unit testing in python.,"best practices for unit testing in python: 1. using the 'unittest' module: - the 'unittest' module is the most commonly used unit testing module in python. - it provides a clear and concise syntax for defining tests and organizing test cases. - use 'unittest' to write simple unit tests that focus on individual functions or methods. 2. mocking dependencies: - in unit tests, it's important to mock external dependencies, such as database connections or external libraries. - mock these dependencies so that they behave as expected during testing. - this helps isolate the unit under test and prevent external factors from influencing test results. 3. using black box testing techniques: - black box testing involves testing the output of a function or method without knowing its implementation. - use techniques like input/output parameterization and side effects to test the behavior of functions. - this approach helps uncover errors in the logic and flow of the code. 4. using a testing framework: - while not strictly a best practice, using a dedicated testing framework like 'pytest' can improve test readability and maintainability. - frameworks typically provide additional features, such as fixtures, parametrization, and reporting capabilities. 5. testing edge cases and invalid data: - include test cases for boundary values (e.g., large numbers, null values, or special characters) to cover potential edge cases. - this helps identify issues and ensure that the code handles unexpected data gracefully. 6. writing clear and concise tests: - use descriptive and readable names for tests, functions, and modules. - write clear and concise test descriptions that accurately describe expected behavior. - keep tests focused and avoid unnecessary complexity. 7. isolating dependencies: - group closely related tests together to isolate dependencies and maintain test readability. - this also helps identify and fix issues more efficiently. 8. testing in the right scope: - determine the appropriate scope for unit testing based on the complexity and dependencies of the code being tested. - start with small, well-defined tests and gradually expand to more comprehensive coverage. 9. testing in isolation: - keep tests independent of each other to avoid interference and ensure that changes in one test don't break others. 10. running unit tests efficiently: - utilize test runners to efficiently run numerous tests. - choose an appropriate runner based on the size and complexity of the project."
 What are the key features of a Python programming language?**,"['Sure! Here are the key features of a Python programming language:', '**1. High-level:**', '- Python is a very high-level programming language, meaning the syntax is simple and easy to understand, even for beginners.', '- It uses natural and intuitive constructs that make coding tasks easier.', '**2. Dynamic typing:**', ""- Python is dynamically typed, meaning you don't need to explicitly specify the data type of variables before you assign them a value. This allows for faster and easier coding."", '**3. Object-oriented:**', '- Python supports object-oriented programming, which allows you to create objects that can interact with each other.', '- Classes and objects provide a more structured and organized way to develop complex programs.', '**4. Conciseness:**', '- Python has a simple and concise syntax that can make your code more readable and efficient.', '- The language uses keywords and operators to express complex logic in a clear and straightforward way.', '**5. Extensive libraries:**', '- Python has a rich ecosystem of libraries that provide additional functionality and features.', '- You can use libraries to perform various tasks, such as data manipulation, machine learning, web development, and more.', '**6. Community-driven:**', ""- Python has a large and active community of developers who contribute to the language's development and provide support."", '**7. Interpreted:**', '- Python is an interpreted language, meaning the code is executed line by line during runtime. This allows for fast execution, especially for small programs.', '**8. Cross-platform:**', '- Python can run on various operating systems, including Windows, macOS, Linux, and more. This makes it a versatile language that you can use for various projects.', '**9. Widely used:**', '- Python is a popular programming language for various applications, including web development, data science, machine learning, scientific computing, and automation.', '**10. Educational value:**', '- Python is often used in educational settings as a language for teaching coding basics and introducing programming concepts.']",what are the key features of a python programming language?,"1. high-level: - python is a very high-level programming language, meaning the syntax is simple and easy to understand, even for beginners. - it uses natural and intuitive constructs that make coding tasks easier. 2. dynamic typing: - python is dynamically typed, meaning you don't need to explicitly specify the data type of variables before you assign them a value. this allows for faster and easier coding. 3. object-oriented: - python supports object-oriented programming, which allows you to create objects that can interact with each other. - classes and objects provide a more structured and organized way to develop complex programs. 4. conciseness: - python has a simple and concise syntax that can make your code more readable and efficient. - the language uses keywords and operators to express complex logic in a clear and straightforward way. 5. extensive libraries: - python has a rich ecosystem of libraries that provide additional functionality and features. - you can use libraries to perform various tasks, such as data manipulation, machine learning, web development, and more. 6. community-driven: - python has a large and active community of developers who contribute to the language's development and provide support. 7. interpreted: - python is an interpreted language, meaning the code is executed line by line during runtime. this allows for fast execution, especially for small programs. 8. cross-platform: - python can run on various operating systems, including windows, macos, linux, and more. this makes it a versatile language that you can use for various projects. 9. widely used: - python is a popular programming language for various applications, including web development, data science, machine learning, scientific computing, and automation. 10. educational value: - python is often used in educational settings as a language for teaching coding basics and introducing programming concepts."
 How do you declare a variable in Python?**,"['There are two main ways to declare a variable in Python:', '**1. Using the `var` keyword:**', '```python', 'name = ""John""', 'age = 30', '```', '**2. Using the `def` keyword with the `return` keyword:**', '```python', 'def get_average(a, b):', '    average = (a + b) / 2', '    return average', '```', 'In both cases, the variable is assigned a value when it is declared. ', '**Here are some additional points to know about variable declaration in Python:**', '* A variable cannot be used before it is declared.', '* A variable can be assigned a value later on.', '* Variables can be used to store data of different types.', '* Variables are local to the block where they are declared, meaning they are only accessible within that block.', '* Variables can be declared within other functions or nested blocks.']",how do you declare a variable in python?,"there are two main ways to declare a variable in python: 1. using the var keyword: 2. using the def keyword with the return keyword: in both cases, the variable is assigned a value when it is declared. here are some additional points to know about variable declaration in python: * a variable cannot be used before it is declared. * a variable can be assigned a value later on. * variables can be used to store data of different types. * variables are local to the block where they are declared, meaning they are only accessible within that block. * variables can be declared within other functions or nested blocks."
 What are functions in Python? Explain how you can use functions to reuse code?**,"['**Functions in Python are reusable blocks of code that perform specific tasks.**', 'They allow you to define a set of instructions once and then call them repeatedly with different input values without the need to rewrite the code from scratch.', ""Here's how to use functions in Python:"", '**1. Define Function:**', '```python', 'def function_name(argument1, argument2):', '    # function body', '    return result', '```', '**2. Call Function:**', '```python', 'result = function_name(input_value1, input_value2)', '```', '**3. Pass Arguments:**', 'Functions can accept multiple arguments of different types, separated by commas. The function executes the code within the function body for each argument.', '**4. Return a Value:**', '```python', 'def function_name(argument1, argument2):', '    return calculation(argument1, argument2)', '```', '**5. Example:**', '```python', 'def square(x):', '    return x * x', '# Call the function with different arguments', 'result = square(5)', 'print(result)  # Output: 25', '```', '**Benefits of using functions:**', '* **Reusability:** You can reuse the code in different parts of your program.', '* **Efficiency:** It eliminates the need to repeatedly write the same code.', '* **Maintainability:** Functions make the code easier to understand and modify.', '* **Code organization:**Functions help you organize your code logically.', '**Additional Notes:**', '* Functions can also be nested to create complex logic.', '* Functions can be made accessible to other modules by importing them.', '* You can use functions in other programming languages like C++ and PHP as well.']",what are functions in python? explain how you can use functions to reuse code?,"functions in python are reusable blocks of code that perform specific tasks. they allow you to define a set of instructions once and then call them repeatedly with different input values without the need to rewrite the code from scratch. here's how to use functions in python: 1. define function: 2. call function: 3. pass arguments: functions can accept multiple arguments of different types, separated by commas. the function executes the code within the function body for each argument. 4. return a value: 5. example: benefits of using functions: * reusability: you can reuse the code in different parts of your program. * efficiency: it eliminates the need to repeatedly write the same code. * maintainability: functions make the code easier to understand and modify. * code organization:functions help you organize your code logically. additional notes: * functions can also be nested to create complex logic. * functions can be made accessible to other modules by importing them. * you can use functions in other programming languages like c++ and php as well."
 What is string slicing in Python? Give an example.**,"['Sure. Here is the explanation of string slicing in Python: ', '**String Slicing** is a mechanism that allows you to extract a part of a string and store it in a variable. It is done using square brackets and indexing.', 'The syntax for string slicing is as follows:', '```python', 'string[start : end]', '```', '* **start** is the index of the first character to be extracted. ', '* **end**  is the index of the last character to be extracted (not inclusive).', 'For example:', '```python', 'original_string = ""Hello world""', 'sliced_string = original_string[5:]', 'print(sliced_string)', '```', '**Output:**', '```', 'world', '```', '**Explanation:**', '1.  **original_string** is the string we want to slice.', '2.  **start** is 5, this means that the first 5 characters of the original string will be extracted.', '3. **end** is not included, this means that the last character of the original string will not be included in the new string. ', 'This method can be used to extract a substring from a string, which can then be used for a variety of purposes such as printing or manipulating the original string.']",what is string slicing in python? give an example.,"here is the explanation of string slicing in python: string slicing is a mechanism that allows you to extract a part of a string and store it in a variable. it is done using square brackets and indexing. the syntax for string slicing is as follows: * start is the index of the first character to be extracted. * end is the index of the last character to be extracted (not inclusive). for example: output: explanation: 1. original_string is the string we want to slice. 2. start is 5, this means that the first 5 characters of the original string will be extracted. 3. end is not included, this means that the last character of the original string will not be included in the new string. this method can be used to extract a substring from a string, which can then be used for a variety of purposes such as printing or manipulating the original string."
 How can you use classes to organize your code?**,"['**Classes allow you to organize your code by encapsulating functionality, promoting code reusability, and separating data from the code that uses it.**', ""**Let's explore how classes can help you organize your code:**"", '**1. Encapsulation:**', 'Classes allow you to encapsulate data and behavior within a single unit. This means that data is hidden from other parts of the program, preventing accidental modifications and promoting code reusability.', '**2. Inheritance:**', 'You can inherit properties and behaviors from parent classes, extending the functionality of your subclasses. This enables you to create new class types that inherit the characteristics of existing class types.', '**3. Polymorphism:**', 'Classes can also implement polymorphism, where objects of different subclasses can be treated uniformly. This allows you to write code that can work with different class types without the need to know the specific type of object.', '**4. Code Reusability:**', 'By encapsulating related code in classes, you can reuse it in multiple parts of your program. This reduces code redundancy and makes it easier to maintain.', '**5. Data Separation from Code:**', 'Classes can store data within their objects, keeping it isolated from the code that uses it. This improves code modularity and makes it easier to debug and modify.', '**Example:**', '```python', 'class Student:', '    name = """"', '    age = 0', '    def __init__(self, name, age):', '        self.name = name', '        self.age = age', '    def print_student(self):', '        print(f""Name: {self.name}, Age: {self.age}"")', 'class School:', '    students = []', '    def add_student(self, student):', '        self.students.append(student)', '    def print_students(self):', '        for student in self.students:', '            student.print_student()', '# Create an instance of Student class', 'student = Student(""John"", 18)', '# Create an instance of School class', 'school = School()', '# Add the student to the school', 'school.add_student(student)', '# Print the students in the school', 'school.print_students()', '```', '**In this example:**', '* `Student` class encapsulates the data and behavior of a student.', '* `School` class inherits the `students` list from the `Student` class.', ""* `print_student` method is a class method that prints the student's name and age."", ""* `add_student` adds a student to the school's `students` list."", 'This is just a basic example, but it illustrates how classes can be used to organize and reuse code effectively.']",how can you use classes to organize your code?,"classes allow you to organize your code by encapsulating functionality, promoting code reusability, and separating data from the code that uses it. let's explore how classes can help you organize your code: 1. encapsulation: classes allow you to encapsulate data and behavior within a single unit. this means that data is hidden from other parts of the program, preventing accidental modifications and promoting code reusability. 2. inheritance: you can inherit properties and behaviors from parent classes, extending the functionality of your subclasses. this enables you to create new class types that inherit the characteristics of existing class types. 3. polymorphism: classes can also implement polymorphism, where objects of different subclasses can be treated uniformly. this allows you to write code that can work with different class types without the need to know the specific type of object. 4. code reusability: by encapsulating related code in classes, you can reuse it in multiple parts of your program. this reduces code redundancy and makes it easier to maintain. 5. data separation from code: classes can store data within their objects, keeping it isolated from the code that uses it. this improves code modularity and makes it easier to debug and modify. example: in this example: * student class encapsulates the data and behavior of a student. * school class inherits the students list from the student class. * print_student method is a class method that prints the student's name and age. * add_student adds a student to the school's students list. this is just a basic example, but it illustrates how classes can be used to organize and reuse code effectively."
 Describe a tuple with multiple elements in Python.**,"['A tuple is an ordered collection of elements in Python that is similar to a list but without the use of square brackets. A tuple can contain elements of different types, and it can also contain references to other tuples.', 'Tuples are defined using parentheses, and each element is separated by a comma. For example, the following code defines a tuple with three elements:', '```python', 'my_tuple = (1, 2, 3)', '```', 'Tuples can also be created using a generator expression. A generator expression is an expression that yields a sequence of values. The values of the generator expression are separated by commas, and the generator expression can be used to create a tuple.', '```python', 'my_tuple = tuple(range(10))', '```', 'Tuples have a number of methods that allow you to access and modify their elements. For example, the following code accesses the first element of the tuple:', '```python', 'print(my_tuple[0])', '```', 'Tuples are a powerful data structure that can be used to store collections of elements in Python. They are easy to use and can be used to perform a variety of operations on them, such as accessing and modifying their elements.']",describe a tuple with multiple elements in python.,"a tuple is an ordered collection of elements in python that is similar to a list but without the use of square brackets. a tuple can contain elements of different types, and it can also contain references to other tuples. tuples are defined using parentheses, and each element is separated by a comma. for example, the following code defines a tuple with three elements: tuples can also be created using a generator expression. a generator expression is an expression that yields a sequence of values. the values of the generator expression are separated by commas, and the generator expression can be used to create a tuple. tuples have a number of methods that allow you to access and modify their elements. for example, the following code accesses the first element of the tuple: tuples are a powerful data structure that can be used to store collections of elements in python. they are easy to use and can be used to perform a variety of operations on them, such as accessing and modifying their elements."
 How do you access a value in a tuple?**,"['There are three ways to access a value in a tuple:', '1. Using the index of the element in the tuple. The index starts from 0 and goes up to the length of the tuple minus 1. ', '2. Using the slice notation. The slice notation allows you to access a range of elements in the tuple. The syntax for the slice notation is `[start:end:step]`. The start index, end index, and step index can be any integers.', ""3. Using the tuple's item() method. The item() method takes an integer argument that specifies the index of the element you want to access.""]",how do you access a value in a tuple?,". the start index, end index, and step index can be any integers.', ""3. using the tuple's item() method. the item() method takes an integer argument that specifies the index of the element you want to access.""]"
 What is a dictionary in Python? Give examples of keys and values**,"['Sure! A dictionary in Python is a data structure that stores key-value pairs. It is a mutable data structure, meaning you can change the values associated with keys after you create the dictionary.', 'Here are some examples of keys and values in a dictionary:', '```python', ""dict1 = {'name': 'John', 'age': 30, 'city': 'New York'}"", ""print(dict1['name'])"", ""print(dict1['age'])"", ""dict1['city'] = 'London'"", ""print(dict1['city'])"", '```', '**Output:**', '```', 'John', '30', 'London', '```', '**Explanation:**', '* A dictionary is created using curly braces and is named with a key.', '* The values associated with the key can be any type of data.', '* You can access the values associated with a key using the key name.', '* You can change the values associated with a key anytime after you create the dictionary.', '**Note:**', '* A dictionary is a mutable data structure, so you can change the values associated with keys after you create the dictionary.', '* Keys in a dictionary must be strings, numbers, or objects. They cannot be empty strings.']",what is a dictionary in python? give examples of keys and values,"it is a mutable data structure, meaning you can change the values associated with keys after you create the dictionary. here are some examples of keys and values in a dictionary: output: explanation: * a dictionary is created using curly braces and is named with a key. * the values associated with the key can be any type of data. * you can access the values associated with a key using the key name. * you can change the values associated with a key anytime after you create the dictionary. note: * a dictionary is a mutable data structure, so you can change the values associated with keys after you create the dictionary. * keys in a dictionary must be strings, numbers, or objects. they cannot be empty strings."
 Describe the syntax for dictionary access in Python.**,"['Sure, here is the syntax for dictionary access in Python:', '```python', 'dictionary_name[key_name]', '```', '**Key points:**', '* `dictionary_name` is the name of the dictionary.', '* `key_name` is the name of the key you want to access.', '**Example:**', '```python', 'my_dict = {""name"": ""John Doe"", ""age"": 30, ""city"": ""New York""}', '# Accessing a key using string indexing', 'name = my_dict[""name""]', '# Accessing a key using the key_name variable', 'age = my_dict[key_name]', '```', '**Benefits of dictionary access:**', '* **Fast and efficient:** Accessing a key in a dictionary is much faster than searching for a key in a list.', '* **Easy to read and maintain:** Keys in a dictionary are typically human-readable, making the code easier to understand and maintain.', '* **Support for complex data types:** Dictionaries can store various data types, including strings, numbers, and even lists.', '**Note:**', '* The `key` can be a string, an integer, or a complex data structure.', '* You can also use multiple keys to access multiple values in the dictionary.', '* Accessing a non-existent key will raise a `KeyError` exception.']",describe the syntax for dictionary access in python.,"key points: * dictionary_name is the name of the dictionary. * key_name is the name of the key you want to access. example: benefits of dictionary access: * fast and efficient: accessing a key in a dictionary is much faster than searching for a key in a list. * easy to read and maintain: keys in a dictionary are typically human-readable, making the code easier to understand and maintain. * support for complex data types: dictionaries can store various data types, including strings, numbers, and even lists. note: * the key can be a string, an integer, or a complex data structure. * you can also use multiple keys to access multiple values in the dictionary. * accessing a non-existent key will raise a keyerror exception."
 How can you define a dictionary with multiple values for a single key?**,"['A dictionary with multiple values for a single key can be defined using square brackets and key-value pairs. The key is the name of the key, and the value is the associated value. For example, the following code defines a dictionary with the key ""name"" and two values, ""John"" and ""Mary"":', '```', 'name = {""John"": ""student"", ""Mary"": ""teacher""}', '```', 'Another way to define a dictionary with multiple values for a single key is to use the tuple syntax. Tuples are a sequence of items that are separated by commas. The key is the first item in the tuple, and the values are the subsequent items. For example, the following code defines a dictionary with the key ""name"" and three values, ""John"", ""Mary"", and ""Bob"":', '```', 'name = (""John"", ""Mary"", ""Bob"")', '```', 'Finally, you can also use a namedtuple class to define a dictionary with multiple values for a single key. Namedtuple classes are a newer type of dictionary that allows you to specify the names of the keys in the dictionary. For example, the following code defines a dictionary with the key ""name"" and three values, ""John"", ""Mary"", and ""Bob"", using a namedtuple class:', '```', 'from collections import namedtuple', 'Name = namedtuple(""Name"", [""name"", ""age"", ""city""])', 'name = Name(""John"", 25, ""New York"")', '```']",how can you define a dictionary with multiple values for a single key?,"a dictionary with multiple values for a single key can be defined using square brackets and key-value pairs. the key is the name of the key, and the value is the associated value. for example, the following code defines a dictionary with the key ""name"" and two values, ""john"" and ""mary"": another way to define a dictionary with multiple values for a single key is to use the tuple syntax. tuples are a sequence of items that are separated by commas. the key is the first item in the tuple, and the values are the subsequent items. for example, the following code defines a dictionary with the key ""name"" and three values, ""john"", ""mary"", and ""bob"": finally, you can also use a namedtuple class to define a dictionary with multiple values for a single key. namedtuple classes are a newer type of dictionary that allows you to specify the names of the keys in the dictionary. for example, the following code defines a dictionary with the key ""name"" and three values, ""john"", ""mary"", and ""bob"", using a namedtuple class:"
 What are the different ways to create a list in Python?**,"['Sure! Here are several ways to create a list in Python:', '1. **Using Square Bracket []**: ', 'The most basic way to create a list is using the square brackets. For example:', '```python', 'my_list = [1,2,3,4,5]', '```', '2. **Using Parentheses ()**:', 'Another common way to create a list is to use parentheses. This is particularly useful when you need to pass multiple values as a single argument to a function.', '```python', 'my_list = (1,2,3,4,5)', '```', '3. **Using Comma Separated Values**:', 'You can also create a list by using a sequence of comma-separated values. For example:', '```python', 'my_list = ""apple,banana,cherry,durian""', '```', '4. **Using the range() Function**:', 'The `range()` function can be used to generate a sequence of numbers. This can be used to create a list of numbers in a specific range.', '```python', 'my_list = list(range(10))', '```', '5. **Using the zip() Function**:', 'The `zip()` function can be used to iterate over two or more sequences of values and create a list of tuples.', '```python', 'my_list = list(zip([1,2,3], [""apple"",""banana"",""cherry""]))', '```', 'These are some common ways to create a list in Python. Each method has its own strengths and weaknesses depending on the situation. Choose the method that is best suited to the task at hand.']",what are the different ways to create a list in python?,1. using square bracket : the most basic way to create a list is using the square brackets. for example: 2. using parentheses (): another common way to create a list is to use parentheses. this is particularly useful when you need to pass multiple values as a single argument to a function. 3. using comma separated values: you can also create a list by using a sequence of comma-separated values. for example: 4. using the range() function: the range() function can be used to generate a sequence of numbers. this can be used to create a list of numbers in a specific range. 5. using the zip() function: the zip() function can be used to iterate over two or more sequences of values and create a list of tuples. these are some common ways to create a list in python. each method has its own strengths and weaknesses depending on the situation. choose the method that is best suited to the task at hand.
 How do you access elements of a list?**,"[""Sure, here's how you access elements of a list:"", '**1. Using the index:**', '* The index starts from 0 and goes up to the last element of the list.', '* You can access a specific element by its index position.', '* For example, to access the first element of a list named `items`, you would use `items[0]`.', '**2. Using a loop:**', '* You can use a loop to iterate through the list and access elements one by one.', '* This method is often used for iterating over a collection of data.', '* For example, the following code prints the elements of the `items` list:', '```python', 'for item in items:', '  print(item)', '```', '**3. Using the slice operator:**', '* The slice operator `[start:end]` allows you to access a specific portion of the list.', '* You can specify the starting index and ending index of the elements you want to access.', '* For example, to access the elements from index 2 to 5 of the `items` list, you would use `items[2:5]`.', '**4. Using the `get` method:**', '* You can use the `get` method to access an element by its name or index.', '* This method is useful when you want to access a specific element by its identifier.', '* For example, the following code gets the first element of the `items` list and prints its value:', '```python', 'item = items.get(0)', 'print(item)', '```', '**5. Using the itemgetter function:**', '* You can use the `itemgetter` function to access multiple elements by a single index.', '* This function takes a function as its argument and applies it to each element in the list.', '* For example, the following code uses the `itemgetter` function to access the first three elements of the `items` list and prints their values:', '```python', 'items_with_getter = items.itemgetter(0, 1, 2)', 'print(items_with_getter)', '```']",how do you access elements of a list?,".', '2. using a loop:', '* you can use a loop to iterate through the list and access elements one by one.', '* this method is often used for iterating over a collection of data.', '* for example, the following code prints the elements of the items list:', '', '3. using the slice operator:', '* the slice operator allows you to access a specific portion of the list.', '* you can specify the starting index and ending index of the elements you want to access.', '* for example, to access the elements from index 2 to 5 of the items list, you would use items.', '4. using the get method:', '* you can use the get method to access an element by its name or index.', '* this method is useful when you want to access a specific element by its identifier.', '* for example, the following code gets the first element of the items list and prints its value:', '', '5. using the itemgetter function:', '* you can use the itemgetter function to access multiple elements by a single index.', '* this function takes a function as its argument and applies it to each element in the list.', '* for example, the following code uses the itemgetter function to access the first three elements of the items list and prints their values:', '']"
 What are tuples in Python? Explain their use cases and benefits.**,"['**Tuples in Python**', ""A tuple is a collection of elements of the same type enclosed in parentheses. It's like a list, but it's a single data structure."", '**Use Cases of Tuples:**', '1. **Immutable collection**: Tuples are mutable, meaning you can modify their elements directly. ', '2. **Efficient operations**: They offer efficient methods for accessing, modifying, and slicing elements.', '3. **Code readability**: Their ordered and defined format can improve code readability and maintainability.', '4. **Data sharing**: They are great for sharing data with other functions.', '5. **Simpler syntax**: You can use the tuple syntax with the `*` operator to unpack a list into multiple variables.', '6. **Avoiding list creation**: You can create tuples directly with multiple elements, eliminating the need for a list comprehension.', '**Benefits of Tuples:**', '1. **Immutability**: Tuples are immutable, preventing changes to their elements. It is recommended for use when order and data integrity are paramount.', '2. **Performance**: They offer faster access and operations compared to lists.', '3. **Code clarity**: Their ordered structure and clear definition make them easy to understand and maintain.', '4. **Data sharing**: Tuples share their memory address with other variables, eliminating the need for explicit passing of multiple variables.', '5. **Simpler syntax**: Their compact and readable syntax makes them convenient when you need to work with multiple values.', '6. **Avoiding list creation**: They eliminate the need to use list comprehension for creating multiple elements.']",what are tuples in python? explain their use cases and benefits.,"tuples in python a tuple is a collection of elements of the same type enclosed in parentheses. it's like a list, but it's a single data structure. use cases of tuples: 1. immutable collection: tuples are mutable, meaning you can modify their elements directly. 2. efficient operations: they offer efficient methods for accessing, modifying, and slicing elements. 3. code readability: their ordered and defined format can improve code readability and maintainability. 4. data sharing: they are great for sharing data with other functions. 5. simpler syntax: you can use the tuple syntax with the * operator to unpack a list into multiple variables. 6. avoiding list creation: you can create tuples directly with multiple elements, eliminating the need for a list comprehension. benefits of tuples: 1. immutability: tuples are immutable, preventing changes to their elements. it is recommended for use when order and data integrity are paramount. 2. performance: they offer faster access and operations compared to lists. 3. code clarity: their ordered structure and clear definition make them easy to understand and maintain. 4. data sharing: tuples share their memory address with other variables, eliminating the need for explicit passing of multiple variables. 5. simpler syntax: their compact and readable syntax makes them convenient when you need to work with multiple values. 6. avoiding list creation: they eliminate the need to use list comprehension for creating multiple elements."
 How do you create a tuple with multiple elements?**,"['A tuple is a built-in data structure in Python that stores a collection of elements in order, and is declared using parentheses. For example:', '```python', 'my_tuple = (1, 2, 3, 4, 5)', '```', 'Tuples can contain elements of different types, and they can be accessed using the same syntax as lists. For example:', '```python', 'print(my_tuple[2])', '```', '**Output:**', '```python', '3', '```', '**Here are some other examples of tuples:**', '```python', 'my_tuple = (""apple"", ""banana"", ""orange"")', 'my_tuple = (123, 456, 789)', '```']",how do you create a tuple with multiple elements?,"a tuple is a built-in data structure in python that stores a collection of elements in order, and is declared using parentheses. for example: tuples can contain elements of different types, and they can be accessed using the same syntax as lists. for example: output: here are some other examples of tuples:"
 What is a set in Python? Give examples of set operations and membership checking.**,"['A set is a collection of unique and ordered elements in Python. It is defined using curly braces `{}` and cannot contain duplicate elements. ', 'Here are some examples of set operations:', '- `set1` is a set containing the elements `1, 2, 3, 4, 5`.', '```python', 'set1 = {1, 2, 3, 4, 5}', '```', '- `set1.add(6)` adds the element `6` to the set.', '```python', 'set1.add(6)', '```', '- `set1.remove(3)` removes the element `3` from the set.', '```python', 'set1.remove(3)', '```', '- `set1.clear()` removes all elements from the set.', '```python', 'set1.clear()', '```', '- `set1.union(set2)` combines the two sets into a new set.', '```python', 'set1.union(set2)', '```', '- `set1.intersection(set2)` finds the elements that are in both sets.', '```python', 'set1.intersection(set2)', '```', '- `set1.difference(set2)` finds the elements that are in the set `set1` but not in the set `set2`.', '```python', 'set1.difference(set2)', '```', '**Membership checking:**', 'To check if an element is a member of a set, we use the `in` operator.', '```python', 'element = 3', 'set1 = {1, 2, 3, 4, 5}', 'if element in set1:', '    print(""Element found"")', '```', '**Output:**', '```', 'Element found', '```']",what is a set in python? give examples of set operations and membership checking.,"a set is a collection of unique and ordered elements in python. it is defined using curly braces {} and cannot contain duplicate elements. here are some examples of set operations: - set1 is a set containing the elements 1, 2, 3, 4, 5. - set1.add(6) adds the element 6 to the set. - set1.remove(3) removes the element 3 from the set. - set1.clear() removes all elements from the set. - set1.union(set2) combines the two sets into a new set. - set1.intersection(set2) finds the elements that are in both sets. - set1.difference(set2) finds the elements that are in the set set1 but not in the set set2. membership checking: to check if an element is a member of a set, we use the in operator. output:"
 How do you use the zip() function in Python to iterate over multiple iterables?**,"[""Sure! Here's a step-by-step explanation of how to use the zip() function in Python to iterate over multiple iterables:"", '**1. Defining the Iterables:**', '- Create multiple iterables, such as lists, tuples, strings, or any object that supports iteration, such as a dictionary.', '- These iterables are the objects that you want to iterate over.', '**2. Using the zip() Function:**', '- The zip() function takes two or more iterables as inputs.', '- It iterates over the first iterable and then the second iterable, and so on.', '- The function returns a tuple of tuples, where each tuple represents the next values from each iterable in order.', '**3. Unpacking the Tuples:**', '- When you call the zip() function, you will receive a tuple of tuples.', '- Each inner tuple represents a pair of values, one from the first iterable and one from the second iterable.', '- You can unpack this tuple into multiple variables using the indexing operator (e.g., zip_variable[0]).', '**Example:**', '```python', '# Define the iterables', 'numbers = [1, 2, 3, 4, 5]', 'strings = [""Hello"", ""World"", ""Python"", ""How"", ""Are"", ""You""]', '# Iterate over the iterables using zip()', 'for number, string in zip(numbers, strings):', '    print(f""{number} - {string}"")', '```', '**Output:**', '```', '1 - Hello', '2 - World', '3 - Python', '4 - How', '5 - Are', 'You', '```', '**Benefits of using zip():**', '- It iterates over multiple iterables simultaneously, making it easier to process data from different sources.', '- It provides a convenient way to unpack multiple values from each iterable into variables.', '- It allows you to refer to the values from each iterable using the tuple index.', '**Note:**', '- The zip() function requires at least two iterables as input. If there is only one iterable, it will return a single tuple containing the values from the first iterable.', '- The order of the elements in the tuples is preserved in the output.']",how do you use the zip() function in python to iterate over multiple iterables?,").', 'example:', '', 'output:', '', 'benefits of using zip():', '- it iterates over multiple iterables simultaneously, making it easier to process data from different sources.', '- it provides a convenient way to unpack multiple values from each iterable into variables.', '- it allows you to refer to the values from each iterable using the tuple index.', 'note:', '- the zip() function requires at least two iterables as input. if there is only one iterable, it will return a single tuple containing the values from the first iterable.', '- the order of the elements in the tuples is preserved in the output.']"
 How can you read a file in Python without opening it directly?**,"['There are several ways to read files in Python without opening them directly:', '1. **Using the `open` function:**', '   - The `open` function takes a filename and an optional mode parameter as arguments.', '   - The mode parameter specifies how the file should be opened.', ""   - Common modes include 'r' for read-only, 'w' for write, and 'a' for append."", '   - The `open` function returns a file object, which provides methods to read, write, and other operations on the file.', '2. **Using the `read` attribute:**', '   - The `read` attribute directly reads the contents of a file as a byte string.', '   - It bypasses the need for an explicit open operation and is suitable for small files.', '3. **Using the `readlines` method:**', '   - The `readlines` method reads the entire contents of a file and returns a list of lines.', '   - It is useful when you want to read the entire file content into memory.', '4. **Using the `read_file` function from the `io` module:**', '   - The `read_file` function reads a file and returns its contents as a string.', '   - It provides a convenient way to read a file without opening or buffering the entire contents.', '5. **Using the `BytesIO` object:**', '   - The `BytesIO` object is an in-memory buffer that can be used to store and read file data.', '   - It is a convenient way to read files without using a file object.', '**Choosing the right method depends on the specific requirements and context of your project.**']",how can you read a file in python without opening it directly?,"there are several ways to read files in python without opening them directly: 1. using the open function: - the open function takes a filename and an optional mode parameter as arguments. - the mode parameter specifies how the file should be opened. - common modes include 'r' for read-only, 'w' for write, and 'a' for append. - the open function returns a file object, which provides methods to read, write, and other operations on the file. 2. using the read attribute: - the read attribute directly reads the contents of a file as a byte string. - it bypasses the need for an explicit open operation and is suitable for small files. 3. using the readlines method: - the readlines method reads the entire contents of a file and returns a list of lines. - it is useful when you want to read the entire file content into memory. 4. using the read_file function from the io module: - the read_file function reads a file and returns its contents as a string. - it provides a convenient way to read a file without opening or buffering the entire contents. 5. using the bytesio object: - the bytesio object is an in-memory buffer that can be used to store and read file data. - it is a convenient way to read files without using a file object. choosing the right method depends on the specific requirements and context of your project."
 Describe the difference between os.system() and os.exec() methods.**,"[""Sure, here's the difference between `os.system()` and `os.exec()` methods:"", '| Feature | os.system() | os.exec() |', '|---|---|---|', '| Type| Function | Function |', '| Syntax| `os.system(command)` | `os.exec([command])` |', '| Return value| The return value of the executed command | A list of processes or None if no child process is created|', '| Usage| When you want to run a command and get its exit code | When you want to run a command and create a child process that continues running |', '| Parent-child relationship| The child process is terminated when the parent process exits. | The parent process can continue running even if child processes are terminated. |']",describe the difference between os.system() and os.exec() methods.,") |', '| return value| the return value of the executed command | a list of processes or none if no child process is created|', '| usage| when you want to run a command and get its exit code | when you want to run a command and create a child process that continues running |', '| parent-child relationship| the child process is terminated when the parent process exits. | the parent process can continue running even if child processes are terminated. |']"
 What are exceptions in Python and how do you use them?**,"['Sure. Exceptions are unexpected occurrences that cause a program to stop running and execute a specific piece of code. Python provides a mechanism for handling exceptions through the exception handling mechanism. This mechanism allows you to specify code to be executed when an exception occurs.', '**Exception Handling Mechanism:**', 'The exception handling mechanism in Python consists of the following steps:', '1. **Exception Object:** An exception is an instance of the `exceptions.exceptions.Exception` class. When an exception occurs, a `Exception` object is created.', '2. **Exception Type**: The `__init__` method of the `exceptions.exceptions.Exception` class takes an exception type as its argument. This allows you to specify different exception types to handle differently.', '3. **Exception Arguments**: The `__init__` method also takes any additional arguments that are required when handling the exception. These arguments are passed to the exception object.', '4. **Exception Handling**: When an exception is raised, its `__init__` method is called. The `__init__` method can perform any necessary cleanup or initialization steps before executing the specified code.', '5. **Exception Handling Block**: The code to be executed when an exception occurs is placed within a try block. The `except` keyword is used to specify the exception type.', '6. **Code to Be Executed**: Inside the `except` block, you can perform any necessary recovery or exception handling tasks.', '7. **Exception Handling Block (Optional)**: An optional `finally` block can be included within the `except` block. This block of code is executed regardless of whether an exception is raised. It can be used for cleaning up resources or performing some final tasks before the program exits.', '**Example**', '```python', '# Define the exception type', 'class CustomException(Exception):', '    pass', '# Raise an exception', 'try:', '    raise CustomException(""Something went wrong!"")', 'except CustomException as e:', '    print(f""Exception occurred: {e}"")', '# Handle the exception', 'try:', '    # Your code goes here', 'except CustomException as e:', '    print(f""Exception occurred: {e}"")', 'except Exception as e:', '    print(f""An exception occurred: {e}"")', '```', '**Benefits of Exception Handling:**', '* **Robustness:** Exception handling ensures that your program continues to run even if an exception occurs.', '* **Clearer Error Reporting:** Exception handling allows you to provide informative messages about the exception.', '* **Efficient Recovery:** You can use the exception handling mechanism to recover from errors and continue execution.', '**Note:**', '* You can also use the `except` keyword without a type. This allows you to handle any type of exception without specifying an exception type.', '* The `finally` block is only executed when an exception is raised.', '* The exception handling mechanism is only available within the scope of a function.']",what are exceptions in python and how do you use them?,"exceptions are unexpected occurrences that cause a program to stop running and execute a specific piece of code. python provides a mechanism for handling exceptions through the exception handling mechanism. this mechanism allows you to specify code to be executed when an exception occurs. exception handling mechanism: the exception handling mechanism in python consists of the following steps: 1. exception object: an exception is an instance of the exceptions.exceptions.exception class. when an exception occurs, a exception object is created. 2. exception type: the init method of the exceptions.exceptions.exception class takes an exception type as its argument. this allows you to specify different exception types to handle differently. 3. exception arguments: the init method also takes any additional arguments that are required when handling the exception. these arguments are passed to the exception object. 4. exception handling: when an exception is raised, its init method is called. the init method can perform any necessary cleanup or initialization steps before executing the specified code. 5. exception handling block: the code to be executed when an exception occurs is placed within a try block. the except keyword is used to specify the exception type. 6. code to be executed: inside the except block, you can perform any necessary recovery or exception handling tasks. 7. exception handling block (optional): an optional finally block can be included within the except block. this block of code is executed regardless of whether an exception is raised. it can be used for cleaning up resources or performing some final tasks before the program exits. example benefits of exception handling: * robustness: exception handling ensures that your program continues to run even if an exception occurs. * clearer error reporting: exception handling allows you to provide informative messages about the exception. * efficient recovery: you can use the exception handling mechanism to recover from errors and continue execution. note: * you can also use the except keyword without a type. this allows you to handle any type of exception without specifying an exception type. * the finally block is only executed when an exception is raised. * the exception handling mechanism is only available within the scope of a function."
 Describe the differences between regular expressions and string patterns in Python.**,"['Sure. Here are the differences between regular expressions and string patterns in Python:', '**Regular Expressions:**', '* Are more versatile than string patterns.', '* Can perform a variety of operations, such as matching, searching, and replacing text.', '* Are defined using a special syntax (usually using the re module).', '* Can be used to match patterns in various data formats, including strings, bytes, and files.', '**String Patterns:**', '* Are simpler and more efficient.', '* Are defined using string syntax (e.g., ""hello"").', '* Are only used to match exact strings.', '* Cannot perform as many operations as regular expressions.', ""Here's a table summarizing the key differences between regular expressions and string patterns:"", '| Feature | Regular Expressions | String Patterns |', '|---|---|---|', '| Definition | Using a special syntax | Using string syntax |', '| Versatility | More versatile | Simpler and more efficient |', '| Operations | Match, search, replace | Match exact strings |', '| Data formats | Strings, bytes, files | Strings |', '| Examples | ""hello"", ""world"" | ""hello"" |', 'Which to use depends on the specific task. If you need a more versatile solution for text manipulation, use regular expressions. Otherwise, string patterns offer a simpler and more efficient approach.']",describe the differences between regular expressions and string patterns in python.,"here are the differences between regular expressions and string patterns in python: regular expressions: * are more versatile than string patterns. * can perform a variety of operations, such as matching, searching, and replacing text. * are defined using a special syntax (usually using the re module). * can be used to match patterns in various data formats, including strings, bytes, and files. string patterns: * are simpler and more efficient. * are defined using string syntax (e.g., ""hello""). * are only used to match exact strings. * cannot perform as many operations as regular expressions. here's a table summarizing the key differences between regular expressions and string patterns: | feature | regular expressions | string patterns | |---|---|---| | definition | using a special syntax | using string syntax | | versatility | more versatile | simpler and more efficient | | operations | match, search, replace | match exact strings | | data formats | strings, bytes, files | strings | | examples | ""hello"", ""world"" | ""hello"" | which to use depends on the specific task. if you need a more versatile solution for text manipulation, use regular expressions. otherwise, string patterns offer a simpler and more efficient approach."
 What is inheritance in Python and how can it be used to create specialized classes?**,"['**Inheritance in Python** is a mechanism that allows a new class to inherit characteristics and behaviors from an existing class. This means that the new class can inherit the attributes, methods, and behaviors of the existing class. ', '**Key Concepts of Inheritance in Python:**', '1. **Class Hierarchy:** A class inherits directly from another class. The parent class is the class that defines the behavior and attributes of the child class.', '2. **Inheritance Operators:** There are two main inheritance operators in Python:', '   - `super()` Operator: This operator allows you to access the methods and attributes of the parent class.', '   - `cls.__init__()` Method: This method is called when a new instance of the child class is created.', '3. **Attributes and Methods:**', '   - Attributes: These are attributes of the parent class, which are accessible in the child class.', '   - Methods: These are functions of the parent class that are accessible in the child class.', '**How to Create Special Classes Using Inheritance in Python:**', '1. Define the parent class with the attributes and methods you want to inherit.', '2. Define the child class that inherits from the parent class.', ""3. Use the `super()` method to access the parent class's attributes and methods."", ""4. Implement your own behavior in the child class's `__init__()` method."", '5. Use inheritance to create specialized classes with unique characteristics.', '**Example:**', '```python', '# Define the parent class (Animal)', 'class Animal:', '    def __init__(self, name):', '        self.name = name', '    def say(self):', '        print(f""{self.name} is talking."")', '# Define the child class (Dog) that inherits from Animal', 'class Dog(Animal):', '    def __init__(self, name):', '        super().__init__(name)', '```', '**Output:**', '```', 'Dog is talking.', '```', 'In this example, the `Dog` class inherits all the attributes and methods of the `Animal` class, including the `__init__()` method. The `say()` method is a new method specific to the `Dog` class.']",what is inheritance in python and how can it be used to create specialized classes?,"inheritance in python is a mechanism that allows a new class to inherit characteristics and behaviors from an existing class. this means that the new class can inherit the attributes, methods, and behaviors of the existing class. key concepts of inheritance in python: 1. class hierarchy: a class inherits directly from another class. the parent class is the class that defines the behavior and attributes of the child class. 2. inheritance operators: there are two main inheritance operators in python: - super() operator: this operator allows you to access the methods and attributes of the parent class. - cls.init() method: this method is called when a new instance of the child class is created. 3. attributes and methods: - attributes: these are attributes of the parent class, which are accessible in the child class. - methods: these are functions of the parent class that are accessible in the child class. how to create special classes using inheritance in python: 1. define the parent class with the attributes and methods you want to inherit. 2. define the child class that inherits from the parent class. 3. use the super() method to access the parent class's attributes and methods. 4. implement your own behavior in the child class's init() method. 5. use inheritance to create specialized classes with unique characteristics. example: output: in this example, the dog class inherits all the attributes and methods of the animal class, including the init() method. the say() method is a new method specific to the dog class."
 Explain the purpose of context managers in Python and their importance. Give examples.**,"['**Purpose of context managers in Python:**', 'Context managers in Python are a mechanism for managing and automatically closing resources or connections, such as databases, files, network sockets, and pipes. These context managers allow you to define a specific scope for the resource acquisition and ensure its proper cleanup even if an exception is raised or a program crashes. This ensures that resources are used efficiently and prevents data loss or corrupted data due to incomplete cleanup.', '**Importance of context managers:**', '* **Automatic resource management:** Context managers take care of automatically releasing or closing the resource when it goes out of scope, eliminating the need for explicit resource management.', '* **Exception handling:** They handle exceptions by automatically closing the resource and restoring its state to a consistent or default state.', '* **Code readability and maintainability:** By using context managers, you can keep your code clean, readable, and easier to maintain, as it ensures proper resource cleanup even in the event of errors.', '* **Resource efficiency:** Context managers help to optimize the use of limited resources by preventing multiple instances of the same resource being opened and closed repeatedly.', 'Here are some examples of context managers in use:', '1. **`open()` and `close()`:** The `open()` function creates a file object and returns a context manager. The context manager automatically closes the file object when it goes out of scope, ensuring that the file is properly closed and any data is saved.', '2. **`contextlib` module:** The `contextlib` module provides context managers for various built-in types, such as iterators, strings, and files. Using context managers with built-in types is convenient and allows you to automatically handle their resource management.', '3. **`try` and `finally` block:** While not a context manager itself, the `try` and `finally` block can be used to achieve similar functionality. It ensures the block of code is executed regardless of whether an exception is raised.', 'In summary, context managers are an essential mechanism in Python for managing and cleaning up resources efficiently and preventing data loss or corrupted data. They simplify the process of acquiring and releasing resources, ensuring proper cleanup even in the event of errors or unexpected program termination. By leveraging context managers, developers can write cleaner, more robust, and efficient Python code.']",explain the purpose of context managers in python and their importance. give examples.,"purpose of context managers in python: context managers in python are a mechanism for managing and automatically closing resources or connections, such as databases, files, network sockets, and pipes. these context managers allow you to define a specific scope for the resource acquisition and ensure its proper cleanup even if an exception is raised or a program crashes. this ensures that resources are used efficiently and prevents data loss or corrupted data due to incomplete cleanup. importance of context managers: * automatic resource management: context managers take care of automatically releasing or closing the resource when it goes out of scope, eliminating the need for explicit resource management. * exception handling: they handle exceptions by automatically closing the resource and restoring its state to a consistent or default state. * code readability and maintainability: by using context managers, you can keep your code clean, readable, and easier to maintain, as it ensures proper resource cleanup even in the event of errors. * resource efficiency: context managers help to optimize the use of limited resources by preventing multiple instances of the same resource being opened and closed repeatedly. here are some examples of context managers in use: 1. open() and close(): the open() function creates a file object and returns a context manager. the context manager automatically closes the file object when it goes out of scope, ensuring that the file is properly closed and any data is saved. 2. contextlib module: the contextlib module provides context managers for various built-in types, such as iterators, strings, and files. using context managers with built-in types is convenient and allows you to automatically handle their resource management. 3. try and finally block: while not a context manager itself, the try and finally block can be used to achieve similar functionality. it ensures the block of code is executed regardless of whether an exception is raised. in summary, context managers are an essential mechanism in python for managing and cleaning up resources efficiently and preventing data loss or corrupted data. they simplify the process of acquiring and releasing resources, ensuring proper cleanup even in the event of errors or unexpected program termination. by leveraging context managers, developers can write cleaner, more robust, and efficient python code."
 How do you handle null values in Python? Give different strategies for handling them.**,"['**Null Values in Python**', '**Strategies for Handling Null Values**', '**1. Using the is None Operator:**', '- The `is None` operator is used to check if a variable is `None`.', '- `None` is considered equivalent to the keyword `None`.', '**Example:**', '```python', 'name = None', 'age = 30', 'if name is None:', '    print(""Name is None"")', '```', '**2. Using the None Keyword:**', '- The `None` keyword is an alias for the `None` object.', '- It can be used directly without the need for the `is None` operator.', '**Example:**', '```python', 'name = None', 'age = 30', 'if name is None:', '    print(""Name is None"")', '```', '**3. Using the None Object:**', '- The `None` object represents a specific value that represents a lack of value.', '- It is distinct from `None` and `None` object.', '**Example:**', '```python', 'name = None', 'age = 30', 'if name is None:', '    print(""Name is None"")', '```', '**4. Handling Null with Conditional Statement:**', '- Use conditional statements to check for the presence of a value.', '- For example, the following code checks if a variable is not `None`:', '```python', 'name = None', 'if name is not None:', '    print(""Name is not None"")', '```', '**5. Using the `try` and `except` Block:**', '- Use the `try` and `except` block to handle `None` values during data processing.', '**Example:**', '```python', 'data = None', 'try:', '    value = float(data)', 'except ValueError:', '    print(""Invalid data"")', '```', '**6. Using the `if-else` Statement:**', '- The `if-else` statement can also be used to handle null values.', '**Example:**', '```python', 'name = None', 'if name is None:', '    name = ""Unknown""', 'print(f""Hello, {name}"")', '```', '**7. Using a Third-Party Library:**', '- Some libraries, such as NumPy and Pandas, provide specific functions for handling null values, such as `np.nan` and `pandas.isnull()`.']",how do you handle null values in python? give different strategies for handling them.,"null values in python strategies for handling null values 1. using the is none operator: - the is none operator is used to check if a variable is none. - none is considered equivalent to the keyword none. example: 2. using the none keyword: - the none keyword is an alias for the none object. - it can be used directly without the need for the is none operator. example: 3. using the none object: - the none object represents a specific value that represents a lack of value. - it is distinct from none and none object. example: 4. handling null with conditional statement: - use conditional statements to check for the presence of a value. - for example, the following code checks if a variable is not none: 5. using the try and except block: - use the try and except block to handle none values during data processing. example: 6. using the if-else statement: - the if-else statement can also be used to handle null values. example: 7. using a third-party library: - some libraries, such as numpy and pandas, provide specific functions for handling null values, such as np.nan and pandas.isnull()."
 What is a context manager in Python that automatically executes a code block?**,"['In Python, a context manager is a special kind of function that automatically executes a block of code when it is defined and exits when it goes out of scope, without the need for explicit cleaning up code. It ensures that the resource or file is properly closed or released even if an error occurs.', 'A context manager is used when you have a resource or file that needs to be closed or released, for example, a file handle, a database connection, or a network connection. When the context manager is used, the resource is automatically closed or released when it goes out of scope, regardless of whether an error occurs or not.', 'A context manager uses the `__enter__() and `__exit__()` methods to handle the opening and closing of the resource or file. The `__enter__()` method is called when the context manager is activated, and the `__exit__()` method is called when the context manager is deactivated.', 'Here is an example of how a context manager works:', '```python', '# Define a context manager that will automatically close the file', ""with open('myfile.txt', 'r+') as file:"", '    # Use the file object within the with block', ""    file.write('Hello world!')"", '```', ""In this example, the `open()` function opens the file `myfile.txt` in read-only mode and passes the file object to the `with` block. The `open()` function returns a context manager object. When the `with` block ends, the `__exit__()` method of the context manager is called automatically. The `__exit__()` method in this case closes the file and writes the string `'Hello world!'` to the file."", 'The above code will produce the following output to the console:', '```', 'Hello world!', '```', 'This shows that the file is properly closed when the context manager exits.']",what is a context manager in python that automatically executes a code block?,"in python, a context manager is a special kind of function that automatically executes a block of code when it is defined and exits when it goes out of scope, without the need for explicit cleaning up code. it ensures that the resource or file is properly closed or released even if an error occurs. a context manager is used when you have a resource or file that needs to be closed or released, for example, a file handle, a database connection, or a network connection. when the context manager is used, the resource is automatically closed or released when it goes out of scope, regardless of whether an error occurs or not. a context manager uses the enter() and exit() methods to handle the opening and closing of the resource or file. the enter() method is called when the context manager is activated, and the exit() method is called when the context manager is deactivated. here is an example of how a context manager works: in this example, the open() function opens the file myfile.txt in read-only mode and passes the file object to the with block. the open() function returns a context manager object. when the with block ends, the exit() method of the context manager is called automatically. the exit() method in this case closes the file and writes the string 'hello world!' to the file. the above code will produce the following output to the console: this shows that the file is properly closed when the context manager exits."
 How do you use generators to efficiently process and generate large datasets in Python?**,"['**Generators in Python** are a powerful mechanism for efficiently processing and generating large datasets. They allow us to perform operations like reading, generating, and writing data without having to hold the entire dataset in memory at once, which can be especially useful when working with large files or datasets that exceed the available memory.', ""**Here's how generators work in Python:**"", '1. **Initialization**: Generators are initialized with an iterable object, such as a list or string. The iterable object contains the data to be processed.', '2. **Iteration**: Once the generator is initialized, it iterates over the data in the iterable object, performing operations like reading, writing, or performing calculations on each item.', '3. **Yield**: During each iteration, the generator yields an item or a value. The item is yielded without the need to store it in memory.', '4. **Closure**: Generators can access the variables and objects defined within the generator function. This allows them to modify the data and perform operations on it.', ""**Here's an example of using generators to efficiently process a large dataset:**"", '```python', 'def read_data_generator(filename):', ""    with open(filename, 'r') as f:"", '        data = f.read()', '    return data', 'data_generator = read_data_generator(""data.txt"")', 'for item in data_generator:', '    print(item)', '```', '**Benefits of using generators:**', '* **Memory efficiency**: Generators only load data on demand, reducing memory usage and improving performance.', '* **Efficient iteration**: Generators avoid the need to create a temporary list or array, resulting in faster processing.', ""* **Lazy evaluation**: Generators don't evaluate the generator expression itself. Instead, they only yield each item when it's requested."", '* **Easy to use**: Using generators is straightforward, and they provide a simple and elegant way to process large datasets.', '**Tips for using generators:**', '* **Iterators**: Pass an iterator object to the `iter()` function to create a generator object.', '* **Chaining operations**: Use the `yield` keyword to chain multiple operations together and yield the results one by one.', '* **Advanced usage**: Generators can be used in conjunction with other Python features, such as `zip()` or `enumerate()`.', '**Conclusion:**', 'Generators are a powerful mechanism for efficient processing and generating large datasets in Python. They provide memory efficiency, efficient iteration, lazy evaluation, and ease of use. By understanding and using generators, you can effectively handle and analyze large datasets with minimal memory usage and improved performance.']",how do you use generators to efficiently process and generate large datasets in python?,"generators in python are a powerful mechanism for efficiently processing and generating large datasets. they allow us to perform operations like reading, generating, and writing data without having to hold the entire dataset in memory at once, which can be especially useful when working with large files or datasets that exceed the available memory. here's how generators work in python: 1. initialization: generators are initialized with an iterable object, such as a list or string. the iterable object contains the data to be processed. 2. iteration: once the generator is initialized, it iterates over the data in the iterable object, performing operations like reading, writing, or performing calculations on each item. 3. yield: during each iteration, the generator yields an item or a value. the item is yielded without the need to store it in memory. 4. closure: generators can access the variables and objects defined within the generator function. this allows them to modify the data and perform operations on it. here's an example of using generators to efficiently process a large dataset: benefits of using generators: * memory efficiency: generators only load data on demand, reducing memory usage and improving performance. * efficient iteration: generators avoid the need to create a temporary list or array, resulting in faster processing. * lazy evaluation: generators don't evaluate the generator expression itself. instead, they only yield each item when it's requested. * easy to use: using generators is straightforward, and they provide a simple and elegant way to process large datasets. tips for using generators: * iterators: pass an iterator object to the iter() function to create a generator object. * chaining operations: use the yield keyword to chain multiple operations together and yield the results one by one. * advanced usage: generators can be used in conjunction with other python features, such as zip() or enumerate(). conclusion: generators are a powerful mechanism for efficient processing and generating large datasets in python. they provide memory efficiency, efficient iteration, lazy evaluation, and ease of use. by understanding and using generators, you can effectively handle and analyze large datasets with minimal memory usage and improved performance."
 How can you measure the performance of a Python program? Give profiling tools.**,"['**Measuring the performance of a Python program using Profiling Tools**', '**1. using the time module**', '```python', 'import time', 'start = time.time()', '# Your code here', 'end = time.time() ', 'print(""Execution time:"", end - start)', '```', '**2. using the cProfile module:**', '```python', 'import cProfile', 'def my_function(n):', '    for i in range(n):', '        # Some code here', '        pass', ""cProfile.run('my_function(100)', 'my_function.py')"", '```', '**3. using the profiling module**', '```python', 'import profiling', 'def my_function(n):', '    # Some code here', '    pass', 'profile = profiling.Profile()', 'profile.run(""my_function(100)"")', 'print(profile.show())', '```', '**4. Profile the function using Locals**', '```python', 'import locals', 'def my_funtion(n):', '    for i in range(n):', '        # some code here', '        pass', ""locals['my_variable'] = 100"", ""locals['my_function']()"", '```', '**5. Using Memory Profilers**', 'Use tools like memory_profiler to see memory use during runtime.']",how can you measure the performance of a python program? give profiling tools.,measuring the performance of a python program using profiling tools 1. using the time module 2. using the cprofile module: 3. using the profiling module 4. profile the function using locals 5. using memory profilers use tools like memory_profiler to see memory use during runtime.
 Define a function that takes a list of strings and returns a new list of strings with the first letter of each string removed. Use lambda expressions.**,"['```python', 'def remove_first_letter(strings):', '  """"""', '  A lambda expression that takes a list of strings and returns a new list of strings', '  with the first letter of each string removed.', '  Args:', '    strings: A list of strings.', '  Returns:', '    A list of strings with the first letter of each string removed.', '  """"""', '  return [string.lower()[1:] for string in strings]', '# Example usage', 'strings = [""Hello"", ""World"", ""How"", ""Are"", ""You""]', 'result = remove_first_letter(strings)', 'print(result)', '```', 'Output:', '```', '[""hello"", ""world"", ""how"", ""are"", ""you""]', '```', '**Explanation:**', 'The `remove_first_letter` function uses a lambda expression to filter the input list and return a new list. The lambda function takes a single argument, `string`, which is the string to remove the first letter from.', 'The expression `string.lower()[1:]` first converts the string to lowercase using the `lower()` method. Then, it slices the string starting from the second character (index 1) using the slice operator `[1:]`. This removes the first letter of the string.', 'The resulting new list is created by applying the lambda function to each element in the input list.', '**Note:**', 'The `string.lower()` method is used to convert the string to lowercase before slicing to avoid removing the first letter of a non-alphabetical character.']",define a function that takes a list of strings and returns a new list of strings with the first letter of each string removed. use lambda expressions.,"output: explanation: the remove_first_letter function uses a lambda expression to filter the input list and return a new list. the lambda function takes a single argument, string, which is the string to remove the first letter from. the expression string.lower() first converts the string to lowercase using the lower() method. then, it slices the string starting from the second character (index 1) using the slice operator . this removes the first letter of the string. the resulting new list is created by applying the lambda function to each element in the input list. note: the string.lower() method is used to convert the string to lowercase before slicing to avoid removing the first letter of a non-alphabetical character."
 What are the different ways to handle exceptions in Python? Give an example for each approach. **,"['Sure. There are three primary techniques to handle exceptions in Python:', '1. **Using the `try` block:**', 'The `try` block is used to enclose code that may raise an exception. When an exception occurs during the code block in the `try` block, the `except` block is executed.', '```python', 'def factorial(n):', '  try:', '    return n!', '  except ZeroDivisionError:', '    return 1', '```', '**2. Exception Handling:**', 'The `except` block allows you to specify a specific exception type or a general exception type. If an exception of the specified type is caught, the code in the block is executed.', '```python', 'def divide_by_zero(a, b):', '  try:', '     return a / b', '  except ZeroDivisionError:', '     return 10', '```', '**3. Using `finally` block:**', 'The `finally` block is always executed regardless of whether an exception is raised. It is used to execute code that needs to be executed regardless of whether an exception is raised.', '```python', 'def print_message():', ""  print('This message is only executed if an exception is not raised.')"", 'try:', '  print_message()', 'except ZeroDivisionError:', '  pass', '```', 'These are the basic ways to handle exceptions in Python. By understanding these techniques, you can effectively handle exceptions and ensure your code remains robust.']",what are the different ways to handle exceptions in python? give an example for each approach.,"there are three primary techniques to handle exceptions in python: 1. using the try block: the try block is used to enclose code that may raise an exception. when an exception occurs during the code block in the try block, the except block is executed. 2. exception handling: the except block allows you to specify a specific exception type or a general exception type. if an exception of the specified type is caught, the code in the block is executed. 3. using finally block: the finally block is always executed regardless of whether an exception is raised. it is used to execute code that needs to be executed regardless of whether an exception is raised. these are the basic ways to handle exceptions in python. by understanding these techniques, you can effectively handle exceptions and ensure your code remains robust."
 Define a function that takes a string and two numbers as arguments and returns a new string that contains the string with the first character of each word removed. Use string slicing.**,"['```python', 'def remove_first_letter(sentence, num1, num2):', '    # Split the string into words', '    words = sentence.split()', '    # Create a new string with the first character of each word removed', '    new_sentence = """"', '    for word in words:', '        new_sentence += word[1:]', '    # Return the new sentence', '    return new_sentence', '```', '**Example Usage:**', '```python', 'sentence = ""Hello world, how are you today?""', 'num1 = 2', 'num2 = 4', 'result = remove_first_letter(sentence, num1, num2)', 'print(result)', '```', '**Output:**', '```', 'Hello world, how are you today?', '```', '**Explanation:**', '* The `remove_first_letter()` function takes three arguments:', '    * `sentence`: The string to remove the first letter from.', '    * `num1`: The index of the first character to remove from each word.', '    * `num2`: The index of the last character to remove from each word.', '* The function first splits the input sentence into a list of words using the `split()` method.', '* It then iterates over the words in the list and removes the first character of each word from the text using slicing.', '* The new sentence is then assembled back together, with the first character of each word preserved.', '* Finally, the function returns the new sentence.']",define a function that takes a string and two numbers as arguments and returns a new string that contains the string with the first character of each word removed. use string slicing.,"example usage: output: explanation: * the remove_first_letter() function takes three arguments: * sentence: the string to remove the first letter from. * num1: the index of the first character to remove from each word. * num2: the index of the last character to remove from each word. * the function first splits the input sentence into a list of words using the split() method. * it then iterates over the words in the list and removes the first character of each word from the text using slicing. * the new sentence is then assembled back together, with the first character of each word preserved. * finally, the function returns the new sentence."
 Describe the different ways to iterate over a string in Python. Give an example for each method.**,"['Sure! Here is an overview of different ways to iterate over a string in Python, along with a practical example for each method:', '**1. Range()**', '* The range() function generates a sequence of numbers in a given range.', '* It can be used to iterate over a string by using the range() function as the iterator.', '* For example:', '```python', 'string = ""Hello world""', 'for i in range(len(string)):', '    print(string[i])', '```', '**2. For Loop**', '* The for loop is a block-based iteration that iterates over a sequence of values.', '* Each iteration, the for loop assigns the value of the loop variable to the target variable.', '* For example:', '```python', 'string = ""Hello world""', 'for i in range(len(string)):', '    print(i, string[i])', '```', '**3. While Loop**', '* The while loop is an iterative loop that continues to execute as long as a given condition is met.', '* The while loop has a condition that is evaluated at the beginning of each iteration.', '* If the condition is met, the loop body is executed; otherwise, the loop continues to the next iteration.', '* For example:', '```python', 'string = ""Hello world""', 'i = 0', 'while i < len(string):', '    print(i, string[i])', '    i += 1', '```', '**4. Join**', '* The join() method can be used to concatenate a string with other strings, or to split a string into multiple strings.', '* It can also be used to iterate over a string by passing it to the join() method.', '* For example:', '```python', 'words = ""Hello world"".split()', 'for word in words:', '    print(word)', '```', '**5. For Each**', '* The for each loop is a modern, functional way to iterate over a string.', '* The for each loop uses a generator expression to yield each item in the iterable.', '* For example:', '```python', 'string = ""Hello world""', 'for item in string:', '    print(item)', '```', 'These are some of the ways you can iterate over a string in Python. The best method to use will depend on the specific requirements of your application.']",describe the different ways to iterate over a string in python. give an example for each method.,"1. range() * the range() function generates a sequence of numbers in a given range. * it can be used to iterate over a string by using the range() function as the iterator. * for example: 2. for loop * the for loop is a block-based iteration that iterates over a sequence of values. * each iteration, the for loop assigns the value of the loop variable to the target variable. * for example: 3. while loop * the while loop is an iterative loop that continues to execute as long as a given condition is met. * the while loop has a condition that is evaluated at the beginning of each iteration. * if the condition is met, the loop body is executed; otherwise, the loop continues to the next iteration. * for example: 4. join * the join() method can be used to concatenate a string with other strings, or to split a string into multiple strings. * it can also be used to iterate over a string by passing it to the join() method. * for example: 5. for each * the for each loop is a modern, functional way to iterate over a string. * the for each loop uses a generator expression to yield each item in the iterable. * for example: these are some of the ways you can iterate over a string in python. the best method to use will depend on the specific requirements of your application."
 Describe the difference between yield and return statements in generators. Give an example for each.**,"['Sure. Here’s the difference between yield and return statements in generators:', '**Yield Statement:**', '- The yield statement is a special expression that is used to return a limited number of values from a generator. ', '- It returns the value of the current generator function and then resumes the generator function to return subsequent values.', '- When a generator function uses a yield statement, it is not required to yield any values.', '- The generator function can continue yielding values even if the generator function is being stopped.', '**Return Statement:**', '- The return statement is used to explicitly return a value from a generator function. ', '- When a generator function reaches a return statement, the generator function returns the specified value. ', '- The generator function stops and exits at that point. ', '- It cannot continue yielding values or performing further operations.', '**Here is an example of each:**', '**Yield Statement:**', '```python', 'def my_generator():', '    for i in range(10):', '        yield i', 'generator = my_generator()', 'for number in generator:', '    print(number)', 'print(next(generator))', '```', '**Return Statement:**', '```python', 'def my_generator():', '    for i in range(10):', '        yield i', '        if i == 5:', '            return 10', 'generator = my_generator()', 'for number in generator:', '    print(number)', '```', '**Output:**', '```', '0', '1', '2', '3', '4', '5', '6', '7', '8', '9', '10', '```', 'In this example:', '1. The generator function uses a yield statement to return the values 0-9. ', '2. After the generator function reaches a return statement at i = 5, it returns 10 explicitly. ', '3. The generator function exits after the return statement, and the program prints the values from the generator up to and including the return value.']",describe the difference between yield and return statements in generators. give an example for each.,"here’s the difference between yield and return statements in generators: yield statement: - the yield statement is a special expression that is used to return a limited number of values from a generator. - it returns the value of the current generator function and then resumes the generator function to return subsequent values. - when a generator function uses a yield statement, it is not required to yield any values. - the generator function can continue yielding values even if the generator function is being stopped. return statement: - the return statement is used to explicitly return a value from a generator function. - when a generator function reaches a return statement, the generator function returns the specified value. - the generator function stops and exits at that point. - it cannot continue yielding values or performing further operations. here is an example of each: yield statement: return statement: output: in this example: 1. the generator function uses a yield statement to return the values 0-9. 2. after the generator function reaches a return statement at i = 5, it returns 10 explicitly. 3. the generator function exits after the return statement, and the program prints the values from the generator up to and including the return value."
 What is the purpose of decorators in Python? Give examples of how they can be used to modify function behavior.**,"['Sure. Decorators are used in Python to modify the behavior of a function at runtime. They allow you to add functionality to a function without changing its source code directly. This makes them particularly useful for creating reusable components of code and for adding functionality to functions that are already being used in multiple places.', 'Here are some examples of how decorators can be used to modify function behavior:', '```python', '# Example 1: A decorator that logs the start and end of a function', 'def log_start_end(func):', '    """"""', '    A decorator that logs the start and end of a function.', '    Args:', '        func (function): The function to decorate.', '    Returns:', '        function: The decorated function.', '    """"""', '    def wrapper(*args, **kwargs):', '        start_time = time.time()', '        result = func(*args, **kwargs)', '        end_time = time.time()', '        print(""Function {} started at {}"".format(func.__name__, start_time))', '        print(""Function {} finished at {}"".format(func.__name__, end_time))', '        return result', '    return wrapper', '# Example 2: A decorator that modifies the behavior of a function', 'def modify_function(func):', '    """"""', '    A decorator that modifies the behavior of a function.', '    Args:', '        func (function): The function to decorate.', '    Returns:', '        function: The decorated function.', '    """"""', '    def wrapper(*args, **kwargs):', '        if args[0] == ""special_value"":', '            return func(*args, **kwargs)', '        else:', '            print(""Calling original function."")', '            return func(*args, **kwargs)', '    return wrapper', '# Example 3: A decorator that can be used on multiple functions at once', 'def multiple_decorators(func1, func2):', '    """"""', '    A decorator that can be used on multiple functions at once.', '    Args:', '        func1 (function): The first function to decorate.', '        func2 (function): The second function to decorate.', '    """"""', '    def wrapper(*args, **kwargs):', '        return func1(*args, **kwargs) + func2(*args, **kwargs)', '    return wrapper', '```', 'These are just a few examples of how decorators can be used in Python. Decorators are a powerful tool that can be used to modify the behavior of functions in a variety of ways.']",what is the purpose of decorators in python? give examples of how they can be used to modify function behavior.,decorators are used in python to modify the behavior of a function at runtime. they allow you to add functionality to a function without changing its source code directly. this makes them particularly useful for creating reusable components of code and for adding functionality to functions that are already being used in multiple places. here are some examples of how decorators can be used to modify function behavior: these are just a few examples of how decorators can be used in python. decorators are a powerful tool that can be used to modify the behavior of functions in a variety of ways.
 How can you use the threading module in Python to run multiple functions simultaneously?**,"['Sure, here is a detailed explanation of how to use the threading module in Python to run multiple functions simultaneously:', '**1. Import the threading Module:**', '```python', 'import threading', '```', 'This line imports the `threading` module, which provides functions and classes for managing multiple threads of execution in a single process.', '**2. Create a Thread Class:**', '```python', 'class Thread(threading.Thread):', '    def __init__(self, thread_id, function):', '        threading.Thread.__init__(self)', '        self.thread_id = thread_id', '        self.function = function', '    def run(self):', '        # Place your function logic here', '        print(f""Thread {self.thread_id} running function."")', '```', 'This class inherits from the `threading.Thread` class. Each thread object created from the `Thread` class inherits its own thread ID and a reference to the `function` variable.', '**3. Define Multiple Functions:**', '```python', 'function1 = lambda: print(""Function 1 is running."")', 'function2 = lambda: print(""Function 2 is running."")', '```', 'In this example, I define two functions, `function1` and `function2`, which execute the same code but with different outputs.', '**4. Create and Start Threads:**', '```python', 'thread1 = Thread(target=function1)', 'thread2 = Thread(target=function2)', 'thread1.start()', 'thread2.start()', '```', 'This code creates two threads and starts them running. The `target` parameter of the `Thread` constructor specifies a lambda function that defines the code to execute in that thread.', '**5. Join Threads (Optional):**', '```python', '# Wait for threads to finish before continuing', 'thread1.join()', 'thread2.join()', '```', 'If you want to wait for all threads to finish before continuing execution, you can use the `join()` method on each thread. This will block the main thread until the thread reaches the `join()` method.', '**6. Run Multiple Threads in a For Loop:**', '```python', 'threads = []', 'for i in range(10):', '    thread = Thread(target=lambda: print(f""Thread {i} is running""))', '    thread.start()', '    threads.append(thread)', 'for thread in threads:', '    thread.join()', '```', 'This example creates 10 threads that all print the message ""Thread X is running."" The `target` parameter of each thread is a lambda function that defines the code to execute in that thread. The `start()` method is used to start each thread, and the `join()` method is used to wait for all threads to finish before continuing execution.', '**Note:**', '* Threads have their own stack, so they are isolated from each other.', '* Each thread has its own set of global variables.', '* You can pass arguments to threads when you create them.', '* Threads are reusable. You can create multiple threads from a single thread object.']",how can you use the threading module in python to run multiple functions simultaneously?,"1. import the threading module: this line imports the threading module, which provides functions and classes for managing multiple threads of execution in a single process. 2. create a thread class: this class inherits from the threading.thread class. each thread object created from the thread class inherits its own thread id and a reference to the function variable. 3. define multiple functions: in this example, i define two functions, function1 and function2, which execute the same code but with different outputs. 4. create and start threads: this code creates two threads and starts them running. the target parameter of the thread constructor specifies a lambda function that defines the code to execute in that thread. 5. join threads (optional): if you want to wait for all threads to finish before continuing execution, you can use the join() method on each thread. this will block the main thread until the thread reaches the join() method. 6. run multiple threads in a for loop: this example creates 10 threads that all print the message ""thread x is running."" the target parameter of each thread is a lambda function that defines the code to execute in that thread. the start() method is used to start each thread, and the join() method is used to wait for all threads to finish before continuing execution. note: * threads have their own stack, so they are isolated from each other. * each thread has its own set of global variables. * you can pass arguments to threads when you create them. * threads are reusable. you can create multiple threads from a single thread object."
 Define a function that takes a list of strings and returns a new list of strings where the first letter of each string is removed. Use lambda expressions.**,"['```python', 'def remove_first_letter(words):', '  """"""', '  A lambda function that removes the first letter of each string in a list.', '  Args:', '    words: A list of strings.', '  Returns:', '    A new list of strings with the first letter of each string removed.', '  """"""', '  return [word.lstrip(0) for word in words]', '# Example usage', 'words = [""Hello"", ""World"", ""Welcome"", ""To"", ""The"", ""A"", ""List"", ""Of"", ""Strings""]', 'result = remove_first_letter(words)', 'print(result)', '```', '**Output:**', '```', '[""Hello"", ""World"", ""Welcome"", ""To"", ""The"", ""A"", ""List"", ""Of"", ""Strings""]', '```', '**Explanation:**', '* The `remove_first_letter` function takes a list of strings as input.', '* The `lambda` expression within the function iterates over each element in the input list.', '* The `lstrip(0)` method is used to remove the first letter of each string. The `lstrip(0)` function takes a single argument, which is a character to remove from the beginning of the string.', '* The `lstrip(0)` method returns a new string with the character removed.', '* The `return` statement in the lambda expression creates a new list of strings with the first letter of each string removed.', '* The `words` variable contains a list of strings.', '* The `remove_first_letter` function is called with the `words` argument.', '* The `result` variable stores the output of the function.', '* The `print` statement is used to display the result.']",define a function that takes a list of strings and returns a new list of strings where the first letter of each string is removed. use lambda expressions.,"output: explanation: * the remove_first_letter function takes a list of strings as input. * the lambda expression within the function iterates over each element in the input list. * the lstrip(0) method is used to remove the first letter of each string. the lstrip(0) function takes a single argument, which is a character to remove from the beginning of the string. * the lstrip(0) method returns a new string with the character removed. * the return statement in the lambda expression creates a new list of strings with the first letter of each string removed. * the words variable contains a list of strings. * the remove_first_letter function is called with the words argument. * the result variable stores the output of the function. * the print statement is used to display the result."
 What is the purpose of the built-in exec() function in Python? Give an example.**,"['Sure. The built-in exec() function in Python is used to dynamically execute the contents of a string as if they were a Python script. This allows you to run external code, including modules, functions, and classes, without having to manually compile and run each one.', '**Example:**', '```python', '# Define a string containing a Python script', 'script = ""print(\'Hello world!\')""', '# Execute the script using exec()', 'exec(script)', '```', '**Output:**', '```', 'Hello world!', '```', '**Explanation:**', '1. The `exec()` function takes a string as its argument.', '2. When the script is executed, its contents are evaluated by the Python interpreter in the context of the current execution module.', '3. The `exec()` function returns `None` after executing the script.', '**Use Cases:**', '* Dynamically executing external code', '* Running modules, functions, and classes without manual compilation', '* Integrating with external libraries or frameworks', '* Interacting with command-line tools', '* Executing scripts from a text file or user input', '**Note:**', 'The `exec()` function is not safe to use for arbitrary code. It can potentially execute malicious or unexpected code that could harm your system or compromise data security. Always use the `exec()` function with caution and only with trusted code.']",what is the purpose of the built-in exec() function in python? give an example.,"the built-in exec() function in python is used to dynamically execute the contents of a string as if they were a python script. this allows you to run external code, including modules, functions, and classes, without having to manually compile and run each one. example: output: explanation: 1. the exec() function takes a string as its argument. 2. when the script is executed, its contents are evaluated by the python interpreter in the context of the current execution module. 3. the exec() function returns none after executing the script. use cases: * dynamically executing external code * running modules, functions, and classes without manual compilation * integrating with external libraries or frameworks * interacting with command-line tools * executing scripts from a text file or user input note: the exec() function is not safe to use for arbitrary code. it can potentially execute malicious or unexpected code that could harm your system or compromise data security. always use the exec() function with caution and only with trusted code."
 Define a class that uses inheritance from the collections module's defaultdict. Give an example.**,"['```python', 'from collections import defaultdict', 'class MyDict(defaultdict):', '    def __init__(self, initial_value):', '        self.data = dict()', '        self.data[initial_value] = True', '# Example usage', 'my_dict = MyDict(10)', 'print(my_dict)', '```', '**Output:**', '```', ""defaultdict({'10': True})"", '```', '**Explanation:**', '* The `defaultdict` class from the `collections` module provides a way to create a dictionary that automatically assigns a default value to each key that is not found in the dictionary.', '* The `MyDict` class inherits from `defaultdict`.', '* The `__init__` method of `MyDict` initializes the `data` dictionary with the given initial value.', '* The `data` dictionary maps the initial value to `True`.', '* The `print(my_dict)` statement creates a `MyDict` object using the `initial_value` 10.', '* The object is printed to the console, which will output the following output:', '```', ""defaultdict({'10': True})"", '```', '**Note:**', '* The `defaultdict` class only allows keys of the `int` type.', '* If you create a `MyDict` object with a key that is not an `int`, such as a string, the key will be converted to an `int` before it is stored in the `data` dictionary.']",define a class that uses inheritance from the collections module's defaultdict. give an example.,"output: explanation: * the defaultdict class from the collections module provides a way to create a dictionary that automatically assigns a default value to each key that is not found in the dictionary. * the mydict class inherits from defaultdict. * the init method of mydict initializes the data dictionary with the given initial value. * the data dictionary maps the initial value to true. * the print(my_dict) statement creates a mydict object using the initial_value 10. * the object is printed to the console, which will output the following output: note: * the defaultdict class only allows keys of the int type. * if you create a mydict object with a key that is not an int, such as a string, the key will be converted to an int before it is stored in the data dictionary."
 What is the purpose of the built-in zip() function in Python? Give an example.**,"['Sure. Here is the purpose of the built-in zip() function in Python:', '* The purpose of the zip() function is to iterate over multiple iterables simultaneously and combine them into a single iterable object.', '* It takes multiple iterables as input and returns an iterator that combines elements from each iterable into a single tuple.', '* The iterables are iterated over in order, and the first element of each iterable is combined with the first element of the next iterable, and so on.', '* The zip() function stops iterating over the last iterable when it reaches its end.', 'Here is an example of how to use the zip() function:', '```python', 'my_list_1 = [1, 2, 3, 4, 5]', 'my_list_2 = [""hello"", ""world"", ""python""]', 'combined_list = zip(my_list_1, my_list_2)', 'print(list(combined_list))', '```', '**Output:**', '```', ""[(1, 'hello'), (2, 'world'), (3, 'python')]"", '```', 'In this example, the zip() function combines the elements of `my_list_1` and `my_list_2` into a single list of tuples. The first element of each iterable is combined with the first element of the next iterable, and so on.']",what is the purpose of the built-in zip() function in python? give an example.,"here is the purpose of the built-in zip() function in python: * the purpose of the zip() function is to iterate over multiple iterables simultaneously and combine them into a single iterable object. * it takes multiple iterables as input and returns an iterator that combines elements from each iterable into a single tuple. * the iterables are iterated over in order, and the first element of each iterable is combined with the first element of the next iterable, and so on. * the zip() function stops iterating over the last iterable when it reaches its end. here is an example of how to use the zip() function: output: in this example, the zip() function combines the elements of my_list_1 and my_list_2 into a single list of tuples. the first element of each iterable is combined with the first element of the next iterable, and so on."
 How do you declare and initialize a list in Python?,"[""Sure! Here's how you declare and initialize a list in Python:"", '```python', '# Declare a list', 'my_list = [1, 2, 3, 4, 5]', '# Initialize a list with values', 'my_list = [1, 2, 3, 4, 5]', 'print(my_list)', '```', '**Explanation:**', '1. `list_name = [value1, value2, ..., valueN]` : This syntax is used to declare the list.', '    - `my_list` is the name of the list.', '    - `[1, 2, 3, 4, 5]` is a list containing five elements. Each element is assigned a value from the list.', '    - The `list_name` variable now points to the memory location of the list.', '2. `my_list = [1, 2, 3, 4, 5]` : This is a different way to initialize a list. It uses square brackets to explicitly specify the elements of the list.', '3. `print(my_list)` : This line will print the contents of the list on the console.', '    - The `my_list` variable now holds a reference to the same memory location as before.', '    - The code prints the values of the list.', '**Output:**', '```', '[1, 2, 3, 4, 5]', '```', '**Additional Notes:**', '* You can declare empty lists like this: `my_list = []`.', '* You can also use string literals to create lists:', '```python', 'my_list = [""apple"", ""banana"", ""cherry""]', '```', '* Lists are mutable, meaning you can modify their contents after they are created.']",how do you declare and initialize a list in python?,": this syntax is used to declare the list.', ' - my_list is the name of the list.', ' - is a list containing five elements. each element is assigned a value from the list.', ' - the list_name variable now points to the memory location of the list.', '2. my_list = : this is a different way to initialize a list. it uses square brackets to explicitly specify the elements of the list.', '3. print(my_list) : this line will print the contents of the list on the console.', ' - the my_list variable now holds a reference to the same memory location as before.', ' - the code prints the values of the list.', 'output:', '', 'additional notes:', '* you can declare empty lists like this: my_list = .', '* you can also use string literals to create lists:', '', '* lists are mutable, meaning you can modify their contents after they are created.']"
 How do you use sets to keep track of unique items?,"['**Sets** allow you to keep track of unique items by organizing them based on their similarity or difference.', '**1. Defining a Set:**', '- A set is a collection of unique items.', '- A set is represented by brackets { }.', '- Each item inside the brackets is considered unique.', '**2. Adding Items to a Set:**', '- Use curly braces to add items within the brackets.', '- Each item is added as a unique element.', '**3. Checking for Membership:**', '- To check if an item is a member of a set, use the in operator.', '- If the item is found in the set, the result will be True.', '**4. Removing Items from a Set:**', '- Use the del keyword followed by the item to remove it from the set.', '- For example, to remove the item ""apple"" from a set named ""fruits"", use fruits.remove(""apple"").', '**5. Combining Sets:**', '- Sets allow you to combine sets by using the union operator (∪).', '- This operation combines sets by adding all unique items from both sets to a new set.', '**6. Iterating over Sets:**', '- You can iterate over a set using a for loop.', '- Inside the loop, you can access each item and perform operations on it.', '**Example:**', '```python', '# Define a set with unique items', 'fruits = {', '    ""apple"",', '    ""banana"",', '    ""cherry"",', '    ""durian"",', '    ""fig""', '}', '# Add items to the set', 'fruits.add(""grape"")', '# Check if an item is in the set', 'print( ""grape"" in fruits)  # Output: True', '# Remove an item from the set', 'fruits.remove(""grape"")', '# Print the modified set', 'print(fruits)  # Output: { ""apple"", ""banana"", ""cherry"", ""durian"", ""fig"" }', '```', '**Benefits of Using Sets:**', '- Keeps only unique items', '- Allows for fast membership checks', '- Makes it easy to remove items', '- Simplifies logic and code']",how do you use sets to keep track of unique items?,"sets allow you to keep track of unique items by organizing them based on their similarity or difference. 1. defining a set: - a set is a collection of unique items. - a set is represented by brackets { }. - each item inside the brackets is considered unique. 2. adding items to a set: - use curly braces to add items within the brackets. - each item is added as a unique element. 3. checking for membership: - to check if an item is a member of a set, use the in operator. - if the item is found in the set, the result will be true. 4. removing items from a set: - use the del keyword followed by the item to remove it from the set. - for example, to remove the item ""apple"" from a set named ""fruits"", use fruits.remove(""apple""). 5. combining sets: - sets allow you to combine sets by using the union operator (∪). - this operation combines sets by adding all unique items from both sets to a new set. 6. iterating over sets: - you can iterate over a set using a for loop. - inside the loop, you can access each item and perform operations on it. example: benefits of using sets: - keeps only unique items - allows for fast membership checks - makes it easy to remove items - simplifies logic and code"
 How do you use lists to store ordered collections of items?,"[""Sure! Here's how to use lists to store ordered collections of items:"", '1. **Define the list**: ', '   - Use square brackets `[]` to declare a list. ', '   - For example: `my_list = [1, 2, 3, 4, 5]`', '2. **Add items**: ', '   - Use the `append` method to add elements to the list in the order they are added. ', '   - For example: `my_list.append(6)`', '3. **Access items**:', '   - Use the `index` method to access and retrieve items at a specific index. ', '   - For example: `item = my_list[2]`', '4. **Iterate over the list**: ', '   - Use a `for` loop to iterae over the items in the list and perform operations on each item. ', '   - For example: `for item in my_list: ', '      print(item)`', '5. **Use methods for manipulation**: ', ""   - Use methods like `sort`, `reverse`, and `join` to manipulate the list's order or content. "", '   - For example: `my_list.sort()`', '6. **Clear the list**: ', '   - Use the `clear` method to remove all elements from the list. ', '   - Example: `my_list.clear()`', '7. **Check for membership**: ', '   - Use the `contains` method to check if a specific item exists in the list. ', '   - Example: `if ""item"" in my_list: ', '      print(""Item found"")`', 'Remember that the order of items in a list is maintained, but you can access them using their index or use methods to manipulate the order.']",how do you use lists to store ordered collections of items?,"to declare a list. ', ' - for example: my_list = ', '2. add items: ', ' - use the append method to add elements to the list in the order they are added. ', ' - for example: my_list.append(6)', '3. access items:', ' - use the index method to access and retrieve items at a specific index. ', ' - for example: item = my_list', '4. iterate over the list: ', ' - use a for loop to iterae over the items in the list and perform operations on each item. ', ' - for example: for item in my_list: ', ' print(item)', '5. use methods for manipulation: ', "" - use methods like sort, reverse, and join to manipulate the list's order or content. "", ' - for example: my_list.sort()', '6. clear the list: ', ' - use the clear method to remove all elements from the list. ', ' - example: my_list.clear()', '7. check for membership: ', ' - use the contains method to check if a specific item exists in the list. ', ' - example: if ""item"" in my_list: ', ' print(""item found"")', 'remember that the order of items in a list is maintained, but you can access them using their index or use methods to manipulate the order.']"
 How do you use tuples to store ordered collections of items?,"['Tuples are used in Python to store ordered collections of items. They are defined using parentheses, with the items separated by commas. The order of the items in a tuple is preserved.', 'For example, the following code defines a tuple of three items:', '```python', 'my_tuple = (1, 2, 3)', '```', 'This tuple can be accessed using the dot operator, like this:', '```python', 'print(my_tuple[0])', '```', 'Output:', '```', '1', '```', 'Tuples can also be used to create new tuples by using the `tuple()` function. The `tuple()` function takes a list of items as its argument and returns a tuple containing the items in the list in order.', 'For example, the following code creates a tuple of three items using the `tuple()` function:', '```python', 'new_tuple = tuple([1, 2, 3])', '```', 'This tuple can be accessed using the same dot operator as before:', '```python', 'print(new_tuple[0])', '```', 'Output:', '```', '1', '```', 'Tuples are a versatile data structure that can be used to store ordered collections of items. They are a convenient way to organize and access data in a sequential manner.']",how do you use tuples to store ordered collections of items?,"tuples are used in python to store ordered collections of items. they are defined using parentheses, with the items separated by commas. the order of the items in a tuple is preserved. for example, the following code defines a tuple of three items: this tuple can be accessed using the dot operator, like this: output: tuples can also be used to create new tuples by using the tuple() function. the tuple() function takes a list of items as its argument and returns a tuple containing the items in the list in order. for example, the following code creates a tuple of three items using the tuple() function: this tuple can be accessed using the same dot operator as before: output: tuples are a versatile data structure that can be used to store ordered collections of items. they are a convenient way to organize and access data in a sequential manner."
" How do you convert a string to uppercase, lowercase, or titlecase in Python?","['Sure. Here are three ways to convert a string to uppercase, lowercase, or titlecase in Python:', '**Method 1: Using the `upper()` method**', 'The `upper()` method converts a string to uppercase case.', '```python', 'string = ""hello world""', 'uppercase_string = string.upper()', 'print(uppercase_string)', '```', '**Method 2: Using the `lower()` method**', 'The `lower()` method converts a string to lowercase case.', '```python', 'string = ""HELLO WORLD""', 'lowercase_string = string.lower()', 'print(lowercase_string)', '```', '**Method 3: Using the `title()` method**', 'The `title()` method converts a string to titlecase.', '```python', 'string = ""john doe""', 'title_string = string.title()', 'print(title_string)', '```', '**Example**', '```python', 'string = ""hello world""', '# Convert the string to uppercase case', 'uppercase_string = string.upper()', 'print(uppercase_string)  # Output: HELLO WORLD', '# Convert the string to lowercase case', 'lowercase_string = string.lower()', 'print(lowercase_string)  # Output: hello world', '# Convert the string to titlecase', 'title_string = string.title()', 'print(title_string)  # Output: Hello World', '```']","how do you convert a string to uppercase, lowercase, or titlecase in python?","here are three ways to convert a string to uppercase, lowercase, or titlecase in python: method 1: using the upper() method the upper() method converts a string to uppercase case. method 2: using the lower() method the lower() method converts a string to lowercase case. method 3: using the title() method the title() method converts a string to titlecase. example"
 How do you read and write text files in Python?,"['**Reading Text Files:**', '1. Import the `open` module.', '2. Open the file using the `open` function, passing it the file path as a parameter.', '3. Use the `read()` method to read the entire contents of the file into a string.', '4. Use the `readlines()` method to read the contents of the file line by line.', '5. Use the `read()`` method to read a specific number of bytes.', '6. Use the `seek()` method to move the file pointer to a specific position in the file.', '7. Use the `close` method to close the file.', '**Writing Text Files:**', '1. Import the `open` module.', '2. Open the file using the `open` function, passing it the file path and mode as parameters.', '3. Use the `write()` method to write data to the file.', '4. The mode argument can be used to control how the data is written to the file:', "" - 'w': Overwrite the entire file with the new data."", "" - 'a': Append the new data to the end of the file."", "" - 'r': Read and write the contents of the file."", '5. Use the `close` method to close the file.', '**Example:**', '```python', '# Read a file', ""with open('myfile.txt', 'r') as file:"", '    text = file.read()', '# Write to a file', ""with open('myfile.txt', 'w') as file:"", ""    file.write('Hello world!')"", '```', '**Tips:**', '- Use the `encoding` parameter when opening files to specify the character encoding.', '- Use the `os.stat()` function to get information about the file, such as its size and permissions.', '- Use the `shutil` module to manipulate files and directories.']",how do you read and write text files in python?,"reading text files: 1. import the open module. 2. open the file using the open function, passing it the file path as a parameter. 3. use the read() method to read the entire contents of the file into a string. 4. use the readlines() method to read the contents of the file line by line. 5. use the read() method to read a specific number of bytes. 6. use the seek() method to move the file pointer to a specific position in the file. 7. use the close method to close the file. writing text files: 1. import the open module. 2. open the file using the open function, passing it the file path and mode as parameters. 3. use the write() method to write data to the file. 4. the mode argument can be used to control how the data is written to the file: - 'w': overwrite the entire file with the new data. - 'a': append the new data to the end of the file. - 'r': read and write the contents of the file. 5. use the close method to close the file. example: tips: - use the encoding parameter when opening files to specify the character encoding. - use the os.stat() function to get information about the file, such as its size and permissions. - use the shutil module to manipulate files and directories."
 How do you use metaprogramming to generate classes dynamically?,"['**Metaprogramming** is a programming technique that allows you to generate or create new types of objects at runtime using a set of instructions or constraints. Metaprogramming enables developers to dynamically create and extend class definitions without manually coding them.', '**How to generate classes dynamically using metaprogramming:**', '1. **Define a template class:**', '   - Create a base class that represents the desired class structure.', '   - Specify the parameters and data members to be included in the class.', '2. **Create a metaclass:**', '   - Define a class that inherits from the template class.', '   - Implement a metaclass method that can dynamically generate the class.', '3. **Generate the class:**', '   - Use a metaprogramming technique, such as reflection or metaprogramming libraries (like type erasure), to dynamically create the class.', '   - This involves manipulating the type system and defining constraints or conditions for the generated class.', '4. **Compile and instantiate the class:**', '   - Compile the code with the metaprogramming library, ensuring that it can generate the class.', '   - Use reflection or metaprogramming tools to instantiate the generated class and perform initialization or other operations.', '**Example:**', '```python', '# Template class for a Student', 'class Student:', '    name: str', '    age: int', '# Metaclass to generate Student class dynamically', 'class StudentMeta(type):', '    def __new__(mcs, name, bases, namespace):', '        return type(name, bases, namespace)', '    def __init__(self, name, age):', '        self.name = name', '        self.age = age', '# Example usage', 'class StudentGenerator(StudentMeta):', '    pass', '# Generate the Student class dynamically', 'student_class = StudentGenerator(""John Doe"", 18)', '# Compile and instantiate the Student class', 'student_object = student_class()', '```', '**Benefits of using metaprogramming to generate classes dynamically:**', '- **Code reusability:** You can generate different classes with similar structures but different parameters.', '- **Dynamic extensibility:** New classes can be created without modifying existing code.', '- **Runtime flexibility:** You can generate classes with specific behaviors or attributes based on runtime conditions.', '**Note:** The specific implementation details and metaprogramming techniques used will vary depending on the programming language or metaprogram library used.']",how do you use metaprogramming to generate classes dynamically?,"metaprogramming is a programming technique that allows you to generate or create new types of objects at runtime using a set of instructions or constraints. metaprogramming enables developers to dynamically create and extend class definitions without manually coding them. how to generate classes dynamically using metaprogramming: 1. define a template class: - create a base class that represents the desired class structure. - specify the parameters and data members to be included in the class. 2. create a metaclass: - define a class that inherits from the template class. - implement a metaclass method that can dynamically generate the class. 3. generate the class: - use a metaprogramming technique, such as reflection or metaprogramming libraries (like type erasure), to dynamically create the class. - this involves manipulating the type system and defining constraints or conditions for the generated class. 4. compile and instantiate the class: - compile the code with the metaprogramming library, ensuring that it can generate the class. - use reflection or metaprogramming tools to instantiate the generated class and perform initialization or other operations. example: benefits of using metaprogramming to generate classes dynamically: - code reusability: you can generate different classes with similar structures but different parameters. - dynamic extensibility: new classes can be created without modifying existing code. - runtime flexibility: you can generate classes with specific behaviors or attributes based on runtime conditions. note: the specific implementation details and metaprogramming techniques used will vary depending on the programming language or metaprogram library used."
 Explain the concept of backreferences in regular expressions. ,"['Sure, here’s an explanation of backreferences in regular expressions:', '**Backreferences** are metacharacters used in regular expressions to allow the regular expression to match the same pattern in the string multiple times. This is achieved using a mechanism called **backreference**s. ', 'A backreference is denoted by a number followed by a character. The character represents the position of the match in the string relative to the backreference. ', 'Here are a few key points to understand backreferences:', '* **Matching a pattern with a backreference:** ', '  - A backreference is matched by the same character that matched the corresponding position in the original pattern. ', '  - The backreference is inserted into the matched text at the location of the original match.', '* **Multiple backreferences:**', '  - A single regular expression can have multiple backreferences. ', '  - Backreferences can be used to match different patterns within the original string in separate positions. ', '  - The backreferences are evaluated in order from left to right.', '* **Quantifiers and backreferences:** ', '  - Backreferences can be combined with quantifiers such as `*` and `+?` to allow the regular expression to match the same pattern multiple times, as in the following example:', '`(?<start>\\w+)-\\1`', 'This regular expression matches any sequence of one or more characters followed by the same characters, where `\\1` is the first matched character. ', '* **Anchors:** ', '  - Backreferences can be used with the `^` and `$` anchors to match the beginning and end of the string, respectively. ', '* **Special characters and metacharacters:** ', '  - Backreferences can be used with other special characters and metacharacters, including `$` and `*`. ', 'Overall, backreferences are a versatile tool that allows you to match complex patterns by referencing previous matches within the string. By understanding how backreferences work, you can effectively manipulate and extract desired substrings from your text data.']",explain the concept of backreferences in regular expressions.,"backreferences are metacharacters used in regular expressions to allow the regular expression to match the same pattern in the string multiple times. this is achieved using a mechanism called backreferences. a backreference is denoted by a number followed by a character. the character represents the position of the match in the string relative to the backreference. here are a few key points to understand backreferences: * matching a pattern with a backreference: - a backreference is matched by the same character that matched the corresponding position in the original pattern. - the backreference is inserted into the matched text at the location of the original match. * multiple backreferences: - a single regular expression can have multiple backreferences. - backreferences can be used to match different patterns within the original string in separate positions. - the backreferences are evaluated in order from left to right. * quantifiers and backreferences: - backreferences can be combined with quantifiers such as * and +? to allow the regular expression to match the same pattern multiple times, as in the following example: (?<start>\w+)-\1 this regular expression matches any sequence of one or more characters followed by the same characters, where \1 is the first matched character. * anchors: - backreferences can be used with the ^ and $ anchors to match the beginning and end of the string, respectively. * special characters and metacharacters: - backreferences can be used with other special characters and metacharacters, including $ and *. overall, backreferences are a versatile tool that allows you to match complex patterns by referencing previous matches within the string. by understanding how backreferences work, you can effectively manipulate and extract desired substrings from your text data."
 How can you use regular expressions to validate user-inputted text?,"['Regular expressions can be used to validate user-inputted text by matching the expected format or structure of the input against a regular expression pattern and returning a true or false value indicating whether the input matches the expected pattern.', 'For example, to validate alphanumeric characters, a regular expression pattern can be defined as `^[a-zA-Z]+$` which matches any string composed of only alphabet characters. ', 'Similarly, a pattern like `^[0-9]+$` will match any string composed only of digits.', ""Here's how regular expressions can be used for validation:"", '1. **Match**:', ""   - Use the `match` method or a similar function provided by the language you're using to search the input string using the regular expression pattern. "", '2. **Return**:', '   - If a match is found, return `True`, indicating that the input matches the expected format. ', ""   - If no match is found, return `False`, indicating that the input doesn't match the expected format."", 'By leveraging regular expressions, you can ensure that user-inputted text adheres to the desired format, preventing invalid or unexpected data from processing.']",how can you use regular expressions to validate user-inputted text?,"regular expressions can be used to validate user-inputted text by matching the expected format or structure of the input against a regular expression pattern and returning a true or false value indicating whether the input matches the expected pattern. for example, to validate alphanumeric characters, a regular expression pattern can be defined as ^+$ which matches any string composed of only alphabet characters. similarly, a pattern like ^+$ will match any string composed only of digits. here's how regular expressions can be used for validation: 1. match: - use the match method or a similar function provided by the language you're using to search the input string using the regular expression pattern. 2. return: - if a match is found, return true, indicating that the input matches the expected format. - if no match is found, return false, indicating that the input doesn't match the expected format. by leveraging regular expressions, you can ensure that user-inputted text adheres to the desired format, preventing invalid or unexpected data from processing."
 What are the different versions of Python?,"['**Python has several versions, including:**', '1. **Python 2**: This is the most popular version currently in use, and is known for its stability and compatibility with other libraries and frameworks.', '2. **Python 3**: This version is designed to be more compatible with other modern languages and is the basis for the current version of the language. It also includes some features that were removed from Python 2, such as support for Unicode characters and the `async` keyword.', '3. **Alpha versions of Python**: These are experimental and are released periodically by the Python development team. They are used to explore new features and improve the language.', '**Additionally, there are also versions for specific platforms and distributions:**', '* **Python for Windows**', '* **Python for macOS**', '* **Python for Linux**', '* **Scientific Python (spython)**', '* **NumPy and Matplotlib for scientific computing**', '* **Google Colab**', 'It is important to choose the right version of Python for your specific needs and project requirements.']",what are the different versions of python?,"python has several versions, including: 1. python 2: this is the most popular version currently in use, and is known for its stability and compatibility with other libraries and frameworks. 2. python 3: this version is designed to be more compatible with other modern languages and is the basis for the current version of the language. it also includes some features that were removed from python 2, such as support for unicode characters and the async keyword. 3. alpha versions of python: these are experimental and are released periodically by the python development team. they are used to explore new features and improve the language. additionally, there are also versions for specific platforms and distributions: * python for windows * python for macos * python for linux * scientific python (spython) * numpy and matplotlib for scientific computing * google colab it is important to choose the right version of python for your specific needs and project requirements."
 How do you choose the right version of Python for a project?,"['**Choosing the Right Python Version for Your Project**', '**1. Project Requirements and Goals:**', '- Define the purpose and scope of your project.', ""- Consider the programming language's compatibility with other dependencies."", '- Determine the version control system (Git, GitHub).', '**2. Programming Libraries and Modules:**', '- Identify the libraries or modules you require for functionality, such as Pandas for data processing.', '- Ensure the version of Python you choose is compatible with the libraries you choose.', '**3. Project Complexity:**', '- Simple projects might benefit from Python 3 or 2, while complex projects might prefer 3 or 4.', ""- Consider the project's complexity and future maintenance."", '**4. Version Compatibility with Dependencies:**', '- Some libraries have specific version requirements.', '- Check the documentation or versioning of dependencies.', '**5. Community Support and Documentation:**', '- Choose a stable release of Python with extensive documentation and community support.', '- Consider the availability of tutorials and online forums.', '**6. Versioning and Release Management:**', '- Use clear and consistent versioning for releases and updates.', '- Consider the use of stable branches or tagged releases.', '**7. Future Maintenance and Evolution:**', '- Choose a future-proof version that will receive regular updates and security patches.', ""- Consider the project's long-term maintenance requirements."", '**8. Personal Preferences and Ecosystem:**', '- Explore the existing Python versions and their ecosystem of libraries and tools.', '- Consider the preferences of your team and the availability of resources.', '**9. Performance Considerations:**', '- While performance is not a critical factor for small projects, consider the performance of different versions.', '- Benchmark and compare different versions if necessary.', '**10. Collaboration and Sharing:**', '- Choose a version that is widely used in your team and is supported by multiple developers.', '- Consider how ease of collaboration and sharing will impact your workflow.']",how do you choose the right version of python for a project?,"choosing the right python version for your project 1. project requirements and goals: - define the purpose and scope of your project. - consider the programming language's compatibility with other dependencies. - determine the version control system (git, github). 2. programming libraries and modules: - identify the libraries or modules you require for functionality, such as pandas for data processing. - ensure the version of python you choose is compatible with the libraries you choose. 3. project complexity: - simple projects might benefit from python 3 or 2, while complex projects might prefer 3 or 4. - consider the project's complexity and future maintenance. 4. version compatibility with dependencies: - some libraries have specific version requirements. - check the documentation or versioning of dependencies. 5. community support and documentation: - choose a stable release of python with extensive documentation and community support. - consider the availability of tutorials and online forums. 6. versioning and release management: - use clear and consistent versioning for releases and updates. - consider the use of stable branches or tagged releases. 7. future maintenance and evolution: - choose a future-proof version that will receive regular updates and security patches. - consider the project's long-term maintenance requirements. 8. personal preferences and ecosystem: - explore the existing python versions and their ecosystem of libraries and tools. - consider the preferences of your team and the availability of resources. 9. performance considerations: - while performance is not a critical factor for small projects, consider the performance of different versions. - benchmark and compare different versions if necessary. 10. collaboration and sharing: - choose a version that is widely used in your team and is supported by multiple developers. - consider how ease of collaboration and sharing will impact your workflow."
 What are the benefits and drawbacks of using each version of Python?,"['**Python 3**', '**Benefits:**', '* **Unicode support:** Python 3 is the first version of Python to officially support Unicode, allowing it to handle a wider range of characters.', '* **Type annotations:** Python 3 supports static type annotations, which allow you to explicitly declare the type of variables and functions. This improves code readability and maintainability.', '* **Support for modern features:** Python 3 includes several modern features, such as f-strings, dictionaries, and support for the type annotations.', '**Drawbacks:**', '* **Compatibility issues:** Python 3 is not compatible with all the same libraries and modules as Python 2.', '* **Learning curve:** Python 3 has a more complex syntax and is generally considered to be more challenging to learn than Python 2.', '**Python 2**', '**Benefits:**', '* **Compatibility:** Python 2 is fully compatible with Python 3, so you will be able to use the same libraries and modules as long as they are available in the distribution.', '* **Mature development:** Python 2 has been around for several years and has had extensive development and support, leading to a wealth of resources and libraries available.', '* **Large and active community:** Python 2 has a large and active community of developers and users, which provides support and resources.', '**Drawbacks:**', '* **Unicode compatibility:** While Python 2 does support some basic Unicode characters, it is not as complete as Python 3 and can cause issues with internationalization.', '* **No type annotations:** Python 2 does not support static type annotations. You will need to rely on dynamic typing, which can be more error-prone.', '* **Less modern features:** Python 2 is not as up-to-date as Python 3, and some modern features have not been implemented.']",what are the benefits and drawbacks of using each version of python?,"python 3 benefits: * unicode support: python 3 is the first version of python to officially support unicode, allowing it to handle a wider range of characters. * type annotations: python 3 supports static type annotations, which allow you to explicitly declare the type of variables and functions. this improves code readability and maintainability. * support for modern features: python 3 includes several modern features, such as f-strings, dictionaries, and support for the type annotations. drawbacks: * compatibility issues: python 3 is not compatible with all the same libraries and modules as python 2. * learning curve: python 3 has a more complex syntax and is generally considered to be more challenging to learn than python 2. python 2 benefits: * compatibility: python 2 is fully compatible with python 3, so you will be able to use the same libraries and modules as long as they are available in the distribution. * mature development: python 2 has been around for several years and has had extensive development and support, leading to a wealth of resources and libraries available. * large and active community: python 2 has a large and active community of developers and users, which provides support and resources. drawbacks: * unicode compatibility: while python 2 does support some basic unicode characters, it is not as complete as python 3 and can cause issues with internationalization. * no type annotations: python 2 does not support static type annotations. you will need to rely on dynamic typing, which can be more error-prone. * less modern features: python 2 is not as up-to-date as python 3, and some modern features have not been implemented."
 How do you configure the Python virtual environment?,"['**Step 1: Create a virtual environment**', '* Open a terminal window or command line.', '* Use the following command to create a virtual environment named ""my_venv"":', '```python', 'virtualenv my_venv', '```', '* This creates a directory named ""my_venv"" in the current directory, which contains the necessary dependencies and libraries for your project.', '**Step 2: Activate the virtual environment**', '* Once the virtual environment is created, activate it using the following command:', '```python', 'source my_venv/bin/activate', '```', '* This command tells Python to look for modules and functions inside the ""my_venv"" directory and activate the virtual environment.', '**Step 3: Install dependencies**', '* To install Python packages inside the virtual environment, run the following command:', '```python', 'pip install package_name', '```', '* For example, to install the ""django"" package, you would use the following command:', '```python', 'pip install django', '```', '**Step 4: Activate the virtual environment and run your code**', '* You can now activate the virtual environment and execute your code from the terminal or command line within the ""my_venv"" directory:', '```python', 'python my_script.py', '```', '**Step 5: Deactivate the virtual environment (optional)**', ""* When you're finished using the virtual environment, you can deactivate and remove it:"", '```python', 'deactivate', 'rm -rf my_venv', '```', '**Note:**', '* Make sure to replace ""my_venv"" with the actual name of your virtual environment.', '* You can activate and deactivate the virtual environment multiple times.', '* You can create multiple virtual environments for different projects or dependencies.']",how do you configure the python virtual environment?,"step 1: create a virtual environment * open a terminal window or command line. * use the following command to create a virtual environment named ""my_venv"": * this creates a directory named ""my_venv"" in the current directory, which contains the necessary dependencies and libraries for your project. step 2: activate the virtual environment * once the virtual environment is created, activate it using the following command: * this command tells python to look for modules and functions inside the ""my_venv"" directory and activate the virtual environment. step 3: install dependencies * to install python packages inside the virtual environment, run the following command: * for example, to install the ""django"" package, you would use the following command: step 4: activate the virtual environment and run your code * you can now activate the virtual environment and execute your code from the terminal or command line within the ""my_venv"" directory: step 5: deactivate the virtual environment (optional) * when you're finished using the virtual environment, you can deactivate and remove it: note: * make sure to replace ""my_venv"" with the actual name of your virtual environment. * you can activate and deactivate the virtual environment multiple times. * you can create multiple virtual environments for different projects or dependencies."
 How do you install and use the `venv` package manager?,"['**Installing `venv`**', '1. Download the `venv` package from the official website:', '   ```', '   pip install -r requirements.txt', '   ```', '2. Change directory into the directory where you want to create the environment:', '   ```', '   cd path/to/directory', '   ```', '3. Create a new virtual environment:', '   ```', '   python -m venv venv', '   ```', '**Using the `venv` Package Manager**', '1. Activate the virtual environment:', '   ```', '   source venv/bin/activate', '   ```', '2. Install additional packages:', '   ```', '   pip install <package_name>', '   ```', '   For example, to install the `requests` package, run the following command:', '   ```', '   pip install requests', '   ```', '3. Deactivate the virtual environment:', '   ```', '   deactivate', '   ```', '4. To exit the command prompt, press Ctrl+C.', '**Example Usage:**', ""Let's assume you have a Python project named `my_project` and you want to create a virtual environment named `venv` inside it."", '```', '# Activate virtual environment', 'source venv/bin/activate', '# Install packages', 'pip install requests', '# Deactivate virtual environment', 'deactivate', '```']",how do you install and use the venv package manager?,"installing venv 1. download the venv package from the official website: 2. change directory into the directory where you want to create the environment: 3. create a new virtual environment: using the venv package manager 1. activate the virtual environment: 2. install additional packages: for example, to install the requests package, run the following command: 3. deactivate the virtual environment: 4. to exit the command prompt, press ctrl+c. example usage: let's assume you have a python project named my_project and you want to create a virtual environment named venv inside it."
 Explain the concept of linter and how to use it with `pylint`.,"['**Linter**', 'A linter is a program that examines source code for style, syntax, and logic errors. It can help to improve the quality of code, identify potential bugs, and make it easier to read and understand.', '**`pylint`**', '`pylint` is a command-line linter that is included with the Python distribution. It can be used to check the quality of Python code files. The `pylint` command can be run from the command line or from within a Python script.', '**Using `pylint`**', 'To use `pylint` with Python code, you would simply use the `pylint` command on the file. For example:', '```python', 'pylint my_file.py', '```', 'This would check the syntax and style of the `my_file.py` file and print a report of any errors.', '**Benefits of using a linter**', '* **Improved code quality:** A linter can help to identify and fix errors in your code early on, improving the quality of your software.', '* **Reduced bug count:** Linter can help to identify potential bugs in your code, which can be fixed before they ever reach production.', '* **Make code easier to understand:** A linter can help to make your code easier to understand by identifying and formatting inconsistencies.', '**Additional features of `pylint`**', 'In addition to basic syntax checking, `pylint` can also check for violations of the following conventions:', '* PEP 8 style', '* Google style', '* Other style guidelines', '**Conclusion**', 'A linter is a valuable tool for any Python developer. It can help to improve the quality of your code, reduce bugs, and make it easier to understand.']",explain the concept of linter and how to use it with pylint.,"linter a linter is a program that examines source code for style, syntax, and logic errors. it can help to improve the quality of code, identify potential bugs, and make it easier to read and understand. pylint pylint is a command-line linter that is included with the python distribution. it can be used to check the quality of python code files. the pylint command can be run from the command line or from within a python script. using pylint to use pylint with python code, you would simply use the pylint command on the file. for example: this would check the syntax and style of the my_file.py file and print a report of any errors. benefits of using a linter * improved code quality: a linter can help to identify and fix errors in your code early on, improving the quality of your software. * reduced bug count: linter can help to identify potential bugs in your code, which can be fixed before they ever reach production. * make code easier to understand: a linter can help to make your code easier to understand by identifying and formatting inconsistencies. additional features of pylint in addition to basic syntax checking, pylint can also check for violations of the following conventions: * pep 8 style * google style * other style guidelines conclusion a linter is a valuable tool for any python developer. it can help to improve the quality of your code, reduce bugs, and make it easier to understand."
 What is the difference between a PEP 8 compliant and a PEP 2 compatible Python script?,"['Sure! Here are the differences between a PEP 8 compliant and a PEP 2 compatible Python script:', '**PEP 8 Compliant**', '* PEP 8 compliant code follows the Python syntax and conventions of the Python 3.x standard.', '* It includes features such as tab indentation, no trailing whitespace, consistent use of `""""""` for string literals, etc.', '* PEP 8 compliant code is designed to be more human-readable and easier to understand by both humans and automated tools.', '**PEP 2 Compatible**', '* PEP 2 compatible code, on the other hand, adheres to the older Python syntax and conventions.', '* It uses spaces rather than tabs for indentation, has a trailing newline, and requires `""""""` for string literals.', '* PEP 2 compatible code is compatible with older Python versions that do not support the features of PEP 8.', 'In summary, PEP 8 compliant code is modern, human-readable code that is designed to be more compatible with current Python versions, while PEP 2 compatible code is an older, less compatible code that is still supported by some older Python versions.']",what is the difference between a pep 8 compliant and a pep 2 compatible python script?,"pep 8 compliant * pep 8 compliant code follows the python syntax and conventions of the python 3.x standard. * it includes features such as tab indentation, no trailing whitespace, consistent use of """""" for string literals, etc. * pep 8 compliant code is designed to be more human-readable and easier to understand by both humans and automated tools. pep 2 compatible * pep 2 compatible code, on the other hand, adheres to the older python syntax and conventions. * it uses spaces rather than tabs for indentation, has a trailing newline, and requires """""" for string literals. * pep 2 compatible code is compatible with older python versions that do not support the features of pep 8. in summary, pep 8 compliant code is modern, human-readable code that is designed to be more compatible with current python versions, while pep 2 compatible code is an older, less compatible code that is still supported by some older python versions."
 How do you write unit tests for a Python script?,"['**Unit testing in Python**', 'Unit testing is a systematic approach to testing individual units of software. These units can encompass anything from individual functions or modules to larger components like classes and objects.', '**How to write unit tests in Python:**', '**1. Choose a testing framework:**', '- **Pytest:** A popular and widely-used framework with extensive features and a large community.', '- **unittest:** Comes bundled with the Python distribution and offers basic features.', '- **Mock:** Provides tools to mock external dependencies for isolated unit testing.', '**2. Define a test suite:**', 'A test suite is a file that holds multiple tests grouped together. Each test within the suite should focus on a specific behavior or functionality.', '**3. Create test cases:**', 'Each test case should specify a specific scenario that should be tested. Within each case, define individual test assertions.', '**4. Write the test code:**', ""- **Unit tests:** Use the chosen framework's API, along with built-in functions or external libraries, to execute the desired operations."", '- **Modules/Classes:** Define functions within the test modules or classes that represent individual units under test.', '**5. Run the tests:**', 'Use a test runner or command-line tool to execute all tests within your script.', '**Example:**', '```python', 'import unittest', 'class TestModule(unittest.TestCase):', '    def setUp(self):', '        self.data_file = ""data.txt""', '    def test_open_file(self):', '        with open(self.data_file, ""r"") as f:', '            self.assertEqual(f.read(), ""Some content"")', 'if __name__ == ""__main__"":', '    unittest.main()', '```', '**Additional tips:**', '- Use clear and descriptive names for functions and variables in your tests.', '- Keep each test case focused on a single test case.', '- Write clean and maintainable code that others can understand.', '- Use a linter to check for code quality and adherence to style guidelines.']",how do you write unit tests for a python script?,"unit testing in python unit testing is a systematic approach to testing individual units of software. these units can encompass anything from individual functions or modules to larger components like classes and objects. how to write unit tests in python: 1. choose a testing framework: - pytest: a popular and widely-used framework with extensive features and a large community. - unittest: comes bundled with the python distribution and offers basic features. - mock: provides tools to mock external dependencies for isolated unit testing. 2. define a test suite: a test suite is a file that holds multiple tests grouped together. each test within the suite should focus on a specific behavior or functionality. 3. create test cases: each test case should specify a specific scenario that should be tested. within each case, define individual test assertions. 4. write the test code: - unit tests: use the chosen framework's api, along with built-in functions or external libraries, to execute the desired operations. - modules/classes: define functions within the test modules or classes that represent individual units under test. 5. run the tests: use a test runner or command-line tool to execute all tests within your script. example: additional tips: - use clear and descriptive names for functions and variables in your tests. - keep each test case focused on a single test case. - write clean and maintainable code that others can understand. - use a linter to check for code quality and adherence to style guidelines."
 How do you use threads and processes to run multiple tasks in Python?,"['Threads and processes are two ways to run multiple tasks in Python. ', '**Thread**:', '- A thread is a lightweight process that shares resources with the main thread. ', '- A thread creates its own stack and can execute a function independently from other threads. ', '- Multiple threads can be created from a single process, allowing them to execute tasks concurrently. ', '- When a thread finishes, it can be joined back to the main thread, allowing the main thread to continue execution. ', '**Process**:', '- A process is a heavyweight process that creates a separate address space. ', '- A process has its own stack, resources, and can run concurrently to other processes. ', '- Processes are created by creating a new process object, which is an instance of the `multiprocessing.process` class. ', '- Processes can share resources with the main process through a variety of mechanisms, such as queues and pipes. ', ""Here's a simple example of using threads and processes to run multiple tasks in Python:"", '```python', 'import threading', 'import multiprocessing', 'def thread_function(n):', '  """"""A thread function that prints the number of the argument""""""', '  print(n)', 'def main_function():', '  """"""The main function that creates and runs the threads""""""', '  thread1 = threading.Thread(target=thread_function, args=(1,))', '  thread2 = threading.Thread(target=thread_function, args=(2,))', '  thread1.start()', '  thread2.start()', 'if __name__ == ""__main__"":', '  main_function()', '```', 'This example creates two threads, each of which calls the `thread_function` function with a different argument. The `main_function` function starts the threads and waits for them to finish before continuing execution.', '**Advantages of using threads:**', '* Threads are easier to create and manage than processes. ', '* They can share resources with the main thread, making it easier to coordinate between tasks.', '* Threads are also more lightweight than processes and can be used for tasks that are not CPU-intensive.', '**Advantages of using processes:**', '* Processes are more efficient than threads when they need to share a lot of resources. ', '* They are also more suitable for tasks that are CPU-intensive, as they can be scheduled to run on multiple cores.', '* Processes are also easier to monitor and control.']",how do you use threads and processes to run multiple tasks in python?,"threads and processes are two ways to run multiple tasks in python. thread: - a thread is a lightweight process that shares resources with the main thread. - a thread creates its own stack and can execute a function independently from other threads. - multiple threads can be created from a single process, allowing them to execute tasks concurrently. - when a thread finishes, it can be joined back to the main thread, allowing the main thread to continue execution. process: - a process is a heavyweight process that creates a separate address space. - a process has its own stack, resources, and can run concurrently to other processes. - processes are created by creating a new process object, which is an instance of the multiprocessing.process class. - processes can share resources with the main process through a variety of mechanisms, such as queues and pipes. here's a simple example of using threads and processes to run multiple tasks in python: this example creates two threads, each of which calls the thread_function function with a different argument. the main_function function starts the threads and waits for them to finish before continuing execution. advantages of using threads: * threads are easier to create and manage than processes. * they can share resources with the main thread, making it easier to coordinate between tasks. * threads are also more lightweight than processes and can be used for tasks that are not cpu-intensive. advantages of using processes: * processes are more efficient than threads when they need to share a lot of resources. * they are also more suitable for tasks that are cpu-intensive, as they can be scheduled to run on multiple cores. * processes are also easier to monitor and control."
 What are the different ways to use multiprocessing?,"['**Different Ways to Use Multiprocessing:**', '**1. Using `multiprocessing.Pool`:**', '- This is a high-level class that allows you to submit multiple tasks to a pool of workers.', '- Tasks are executed in parallel, reducing execution time.', '- You can specify the number of workers to use with the `processes` argument.', '**2. Using `multiprocessing.Process`:**', '- This class creates a separate process for each task.', '- Each process has its own memory space and is isolated from other processes.', '- You can pass arguments to processes when you create them.', '**3. Using Threading:**', '- Multiprocessing is not the same as threading.', '- Threads share the same memory space, which can lead to race conditions.', '- Threading is typically used for tasks that are CPU-intensive.', '**4. Using `concurrent.futures.ThreadPoolExecutor`:**', '- This class provides an efficient way to manage a fixed number of threads.', '- You can submit tasks to the executor and it will execute them on available threads.', '**5. Using `asyncio`:**', '- `asyncio` is a Python library for asynchronous programming.', '- It allows you to run multiple tasks without blocking the main thread.', '- Asyncio is particularly useful for web development and other scenarios where you need to handle multiple requests concurrently.', '**6. Using `multiprocessing.Manager`:**', '- This class allows you to manage shared objects across multiple processes.', '- You can use the `Manager` to access global variables, queues, and other shared resources.', '**7. Using `multiprocessing.Condition` and `multiprocessing. Semaphore`:**', '- These classes can be used to synchronize access to shared resources.', '- They are useful for controlling access to a limited number of resources, such as a shared queue or a file.', '**Choosing the Right Method:**', 'The best method for using multiprocessing depends on the specific requirements of your application. For CPU-intensive tasks, thread may be the best choice. For I/O bound tasks, using `concurrent.futures.ThreadPoolExecutor` or `threading` may be more efficient.']",what are the different ways to use multiprocessing?,"different ways to use multiprocessing: 1. using multiprocessing.pool: - this is a high-level class that allows you to submit multiple tasks to a pool of workers. - tasks are executed in parallel, reducing execution time. - you can specify the number of workers to use with the processes argument. 2. using multiprocessing.process: - this class creates a separate process for each task. - each process has its own memory space and is isolated from other processes. - you can pass arguments to processes when you create them. 3. using threading: - multiprocessing is not the same as threading. - threads share the same memory space, which can lead to race conditions. - threading is typically used for tasks that are cpu-intensive. 4. using concurrent.futures.threadpoolexecutor: - this class provides an efficient way to manage a fixed number of threads. - you can submit tasks to the executor and it will execute them on available threads. 5. using asyncio: - asyncio is a python library for asynchronous programming. - it allows you to run multiple tasks without blocking the main thread. - asyncio is particularly useful for web development and other scenarios where you need to handle multiple requests concurrently. 6. using multiprocessing.manager: - this class allows you to manage shared objects across multiple processes. - you can use the manager to access global variables, queues, and other shared resources. 7. using multiprocessing.condition and multiprocessing. semaphore: - these classes can be used to synchronize access to shared resources. - they are useful for controlling access to a limited number of resources, such as a shared queue or a file. choosing the right method: the best method for using multiprocessing depends on the specific requirements of your application. for cpu-intensive tasks, thread may be the best choice. for i/o bound tasks, using concurrent.futures.threadpoolexecutor or threading may be more efficient."
 How do you use asyncio for asynchronous programming in Python?,"['**Using asyncio for asynchronous programming in Python:**', '**Step 1: Import the asyncio module.**', '```python', 'import asyncio', '```', '**Step 2: Define a function that performs the long-running task.**', '```python', 'async def long_running_task():', '    # Code that takes a long time to execute', '    print(""Performing a long-running task."")', '    return ""Task results""', '```', '**Step 3: Create an asyncio.Future object for the task.**', '```python', 'future = asyncio.Future()', '```', '**Step 4: Call the `start()` method to launch the task and return a Future object.**', '```python', 'future.start()', '```', '**Step 5: Use the `wait()` method to block the main thread until the task is finished.**', '```python', 'result = await future.wait()', '```', '**Step 6: Print the result of the task.**', '```python', 'print(result)', '```', '**Example:**', '```python', 'import asyncio', 'async def long_running_task():', '    result = await asyncio.get_event_loop().run_until_completion(', '        lambda: print(asyncio.get_event_loop()),', '    )', '    return result', 'async def main():', '    future = asyncio.Future()', '    future.start()', '    result = await future.wait()', '    print(f""Main thread result: {result}"")', 'asyncio.run(main())', '```', '**Output:**', '```', 'Performing a long-running task.', 'Main thread result: Task results', '```', '**Key Concepts:**', '- **Asyncio loop:** An asynchronous execution loop that allows multiple coroutines to run concurrently.', '- **Futures:** Objects that represent asynchronous tasks and provide a mechanism to wait for them to finish.', '- **`await` keyword:** Pauses the execution of the main thread until the task finishes.', '- **`asyncio.get_event_loop()`:** Creates and returns an event loop that is used by asyncio.', '- **`run_until_completion()`:** Waits for the task to finish, and returns the result.']",how do you use asyncio for asynchronous programming in python?,"using asyncio for asynchronous programming in python: step 1: import the asyncio module. step 2: define a function that performs the long-running task. step 3: create an asyncio.future object for the task. step 4: call the start() method to launch the task and return a future object. step 5: use the wait() method to block the main thread until the task is finished. step 6: print the result of the task. example: output: key concepts: - asyncio loop: an asynchronous execution loop that allows multiple coroutines to run concurrently. - futures: objects that represent asynchronous tasks and provide a mechanism to wait for them to finish. - await keyword: pauses the execution of the main thread until the task finishes. - asyncio.get_event_loop(): creates and returns an event loop that is used by asyncio. - run_until_completion(): waits for the task to finish, and returns the result."
 How do you use the `multiprocessing.Pool` class?,"['Sure. Here is an explanation of how to use the `multiprocessing.Pool` class:', '**1. Initialization:**', '- Import the `multiprocessing` module.', '- Initialize the `Pool` object with the desired number of processes. ', '- You can specify the `processes` parameter, or you can leave it at its default value of `multiprocessing.cpu_count()`.', '```python', 'import multiprocessing', 'pool = multiprocessing.Pool(processes=4)', '```', '**2. Submitting Tasks:**', '- Once the pool is initialized, you can submit tasks to it. ', '- Pass the tasks as arguments to the `map()`, `apply()` or `submit()` methods.', '- Use the `join()` method to wait for all tasks to finish.', '```python', '# Submit tasks to the pool', 'results = pool.map(some_function, iterable)', '# Wait for all tasks to finish', 'pool.join()', '```', '**3. Using Results:**', '- After all tasks are finished, you can access the results using the `get()` method. ', '- You can also use the `get_dask()` method to get results as a list of data structures.', '```python', 'results = pool.get()', '# Print results', 'print(results)', '```', '**4. Closing the Pool:**', '- Once all tasks have been submitted and processed, you can close the pool to release resources.', '```python', '# Close the pool after all tasks are finished', 'pool.close()', '```', '**Here is an example of using the `multiprocessing.Pool` class:**', '```python', 'import multiprocessing', '# Initialize the pool with 4 processes', 'pool = multiprocessing.Pool(processes=4)', '# Submit tasks to the pool', 'results = pool.map(some_function, iterable)', '# Print results', 'print(results)', '# Close the pool', 'pool.close()', '```', 'In this example, the `some_function` is a function that takes an argument and returns a result. The pool is initialized with 4 processes, and the `map()` method is used to submit 10 tasks to the pool. The results of the tasks are then printed to the console.', 'This is just a basic example. The `multiprocessing.Pool` class can be used to solve a wide variety of problems. For more information, please consult the official documentation.']",how do you use the multiprocessing.pool class?,"here is an explanation of how to use the multiprocessing.pool class: 1. initialization: - import the multiprocessing module. - initialize the pool object with the desired number of processes. - you can specify the processes parameter, or you can leave it at its default value of multiprocessing.cpu_count(). 2. submitting tasks: - once the pool is initialized, you can submit tasks to it. - pass the tasks as arguments to the map(), apply() or submit() methods. - use the join() method to wait for all tasks to finish. 3. using results: - after all tasks are finished, you can access the results using the get() method. - you can also use the get_dask() method to get results as a list of data structures. 4. closing the pool: - once all tasks have been submitted and processed, you can close the pool to release resources. here is an example of using the multiprocessing.pool class: in this example, the some_function is a function that takes an argument and returns a result. the pool is initialized with 4 processes, and the map() method is used to submit 10 tasks to the pool. the results of the tasks are then printed to the console. this is just a basic example. the multiprocessing.pool class can be used to solve a wide variety of problems. for more information, please consult the official documentation."
 How do you use threads and processes for parallel task execution in a real-world scenario?,"['**Threads and Processes for Parallel Task Execution**', '**Threads**', '* Threads are lightweight processes that share the same memory space.', '* They are created and destroyed independently of other threads.', '* Threads can be used for tasks that are independent and can be executed concurrently with other threads.', '* However, threads can only execute one task at a time.', '**Processes**', '* Processes are heavyweight processes that create their own memory space.', '* They have their own operating system kernel.', '* Processes can execute multiple tasks concurrently.', '* However, processes have a larger footprint and are less efficient than threads.', '**Real-World Scenario**', '**Scenario 1: Image Processing**', '* Load an image into a thread.', '* Perform image processing operations on the image, such as filtering or cropping.', '* Release the image thread so that the main thread can continue processing.', '**Scenario 2: File Download**', '* Create a thread for each file.', '* Start the threads simultaneously.', '* Use a thread pool to manage the threads.', ""* Monitor the threads' status and ensure they complete successfully."", '**Scenario 3: Database Operations**', '* Create a thread for each database query.', '* Use a thread pool to manage the threads.', '* Perform database operations in parallel, such as fetching data and executing transactions.', '**Tips for Choosing Between Threads and Processes**', '* For **independent tasks** that can be executed concurrently, use threads.', '* For **tasks that require a significant amount of memory** or need to create their own resources, use processes.', '* Use **thread pools** for managing multiple threads.', '* Use **processes** if you need to create multiple processes on the same system.', '**Benefits of Threads and Processes**', '**Threads:**', '* Lightweight and efficient.', '* Can execute multiple tasks concurrently.', '* Sharing of memory space.', '**Processes:**', '* Heavyweight and efficient.', '* Create their own memory space.', '* Can execute multiple tasks concurrently.']",how do you use threads and processes for parallel task execution in a real-world scenario?,"threads and processes for parallel task execution threads * threads are lightweight processes that share the same memory space. * they are created and destroyed independently of other threads. * threads can be used for tasks that are independent and can be executed concurrently with other threads. * however, threads can only execute one task at a time. processes * processes are heavyweight processes that create their own memory space. * they have their own operating system kernel. * processes can execute multiple tasks concurrently. * however, processes have a larger footprint and are less efficient than threads. real-world scenario scenario 1: image processing * load an image into a thread. * perform image processing operations on the image, such as filtering or cropping. * release the image thread so that the main thread can continue processing. scenario 2: file download * create a thread for each file. * start the threads simultaneously. * use a thread pool to manage the threads. * monitor the threads' status and ensure they complete successfully. scenario 3: database operations * create a thread for each database query. * use a thread pool to manage the threads. * perform database operations in parallel, such as fetching data and executing transactions. tips for choosing between threads and processes * for independent tasks that can be executed concurrently, use threads. * for tasks that require a significant amount of memory or need to create their own resources, use processes. * use thread pools for managing multiple threads. * use processes if you need to create multiple processes on the same system. benefits of threads and processes threads: * lightweight and efficient. * can execute multiple tasks concurrently. * sharing of memory space. processes: * heavyweight and efficient. * create their own memory space. * can execute multiple tasks concurrently."
 Explain the concept of context managers and how to use them with resources like files.,"['## Context Managers and Resource Management', '**Context managers** are a Python feature that allows you to automatically manage and release resources like files, databases, and network connections when they are no longer needed. This helps to ensure that these resources are used efficiently and avoid resource leaks.', '**How context managers work:**', '1. **Start context**: When you start a context manager, it automatically acquires the necessary resources.', '2. **Use resources**: Once the resource is acquired, you can use it normally as you would with a regular variable.', '3. **End context**: When you finish using the resource, you automatically release it back to the system. This is done using the `close()` method, which is called automatically when the context manager goes out of scope.', '4. **Clean up**: When the context manager goes out of scope, it automatically calls the `close()` method, releasing the released resources.', '**Using context managers with files:**', '```python', 'with open(""myfile.txt"", ""r"") as f:', '    data = f.read()', '# Use the data', '# Close the file automatically when the with block exits', '```', '**Benefits of using context managers with files:**', '* **Automatic resource management**: No need to manually close files.', '* **Avoid resource leaks**: Resources are released when they are no longer needed.', '* **Efficient resource usage**: Resources are only used when they are needed.', '* **Improved code readability and maintainability**: Using context managers makes code more readable and easier to maintain.', '**Tips:**', '* Use context managers even for short-lived operations, such as opening a file or connecting to a database.', '* Use specific context managers for different types of resources. For example, use `contextlib.contextmanager` for file handling and `contextlib.redirect_stdout` for redirecting stdout.', '* Avoid using context managers with resources that cannot be closed, such as pipes or network connections.']",explain the concept of context managers and how to use them with resources like files.,"## context managers and resource management context managers are a python feature that allows you to automatically manage and release resources like files, databases, and network connections when they are no longer needed. this helps to ensure that these resources are used efficiently and avoid resource leaks. how context managers work: 1. start context: when you start a context manager, it automatically acquires the necessary resources. 2. use resources: once the resource is acquired, you can use it normally as you would with a regular variable. 3. end context: when you finish using the resource, you automatically release it back to the system. this is done using the close() method, which is called automatically when the context manager goes out of scope. 4. clean up: when the context manager goes out of scope, it automatically calls the close() method, releasing the released resources. using context managers with files: benefits of using context managers with files: * automatic resource management: no need to manually close files. * avoid resource leaks: resources are released when they are no longer needed. * efficient resource usage: resources are only used when they are needed. * improved code readability and maintainability: using context managers makes code more readable and easier to maintain. tips: * use context managers even for short-lived operations, such as opening a file or connecting to a database. * use specific context managers for different types of resources. for example, use contextlib.contextmanager for file handling and contextlib.redirect_stdout for redirecting stdout. * avoid using context managers with resources that cannot be closed, such as pipes or network connections."
 How do you use `async` and `await` for asynchronous programming?,"['**Async** and **await** are keywords used in JavaScript for implementing asynchronous programming.', '**Async** keyword:', '* The `async` keyword is used to define an asynchronous function.', '* An `async` function returns a `Promise`.', '* The `async` keyword introduces a new scope that runs asynchronously.', '**Await** keyword:', '* The `await` keyword is used within an `async` function to wait for a value to become available.', '* The `await` keyword stops the `async` function execution until the awaited value becomes available.', '* The `await` keyword is used to return a value from an `async` function or to pause the execution of the `async` function.', '**Example:**', '```javascript', '// Define an async function', 'function fetchUserData() {', '  return new Promise((resolve, reject) => {', '    // Simulate asynchronous operation', '    setTimeout(() => {', '      resolve({ name: ""John"", age: 30 });', '    }, 2000);', '  });', '}', '// Use async and await to fetch data', 'const userData = await fetchUserData();', '// Use the fetched data', 'console.log(userData.name); // Output: John', '```', '**Benefits of using async and await:**', '* **Cleaner code:** Async and await make code cleaner by removing the need for callback functions and nesting `if` statements.', '* **Readability:** Async and await make the code more readable by indicating that the code is running asynchronously.', '* **Error handling:** Async and await make it easier to handle errors by using the `try` and `catch` block.', '* **Improved performance:** Async and await can improve performance by avoiding the overhead of callback functions.']",how do you use async and await for asynchronous programming?,async and await are keywords used in javascript for implementing asynchronous programming. async keyword: * the async keyword is used to define an asynchronous function. * an async function returns a promise. * the async keyword introduces a new scope that runs asynchronously. await keyword: * the await keyword is used within an async function to wait for a value to become available. * the await keyword stops the async function execution until the awaited value becomes available. * the await keyword is used to return a value from an async function or to pause the execution of the async function. example: benefits of using async and await: * cleaner code: async and await make code cleaner by removing the need for callback functions and nesting if statements. * readability: async and await make the code more readable by indicating that the code is running asynchronously. * error handling: async and await make it easier to handle errors by using the try and catch block. * improved performance: async and await can improve performance by avoiding the overhead of callback functions.
 What is the `asyncio.run` function?,"['The `asyncio.run` function is a function used to run an asynchronous function in the event loop. It takes a coroutine function as input and starts an asynchronous task that will run concurrently with the event loop.', ""Here's the syntax of the `asyncio.run` function:"", '```python', 'asyncio.run(coroutine_function)', '```', '**Coroutine function:**', 'A coroutine function is a function that is defined inside another function and can be executed independently. Coroutines provide a way to implement asynchronous programming without blocking the main thread.', '**Event loop:**', 'The event loop is a thread that is responsible for handling events in a Python program. It is used to execute event loop coroutines, which are functions that are scheduled to run on the thread.', '**Benefits of using `asyncio.run`:**', '* **Concurrency:** `asyncio.run` allows you to run an asynchronous function concurrently with the event loop without blocking the main thread.', '* **Non-blocking execution:** When you call `asyncio.run`, the function will be executed on an event loop thread, without blocking the execution of the main thread.', '* **Asynchronous execution:** `asyncio.run` allows you to execute a function in an asynchronous manner, without blocking the thread that started the function.', '* **Improved performance:** By executing asynchronous tasks on the event loop, you can improve the overall performance of your application.', '**Use cases for `asyncio.run`:**', '* **I/O bound tasks:** If your application is I/O bound (such as network requests or file handling), you can use `asyncio.run` to execute asynchronous tasks without blocking the main thread.', '* **Long-running tasks:** If you have a long-running task that needs to be executed concurrently with other tasks, you can use `asyncio.run` to run the task on a separate thread.', '* **GUI tasks:** You can use `asyncio.run` to run GUI tasks on a separate thread without blocking the main thread.', '**Note:**', '`asyncio.run` is only available on main thread objects. If you need to run an asynchronous function on a different thread, you can use the `asyncio.run` function on the target thread object.']",what is the asyncio.run function?,"the asyncio.run function is a function used to run an asynchronous function in the event loop. it takes a coroutine function as input and starts an asynchronous task that will run concurrently with the event loop. here's the syntax of the asyncio.run function: coroutine function: a coroutine function is a function that is defined inside another function and can be executed independently. coroutines provide a way to implement asynchronous programming without blocking the main thread. event loop: the event loop is a thread that is responsible for handling events in a python program. it is used to execute event loop coroutines, which are functions that are scheduled to run on the thread. benefits of using asyncio.run: * concurrency: asyncio.run allows you to run an asynchronous function concurrently with the event loop without blocking the main thread. * non-blocking execution: when you call asyncio.run, the function will be executed on an event loop thread, without blocking the execution of the main thread. * asynchronous execution: asyncio.run allows you to execute a function in an asynchronous manner, without blocking the thread that started the function. * improved performance: by executing asynchronous tasks on the event loop, you can improve the overall performance of your application. use cases for asyncio.run: * i/o bound tasks: if your application is i/o bound (such as network requests or file handling), you can use asyncio.run to execute asynchronous tasks without blocking the main thread. * long-running tasks: if you have a long-running task that needs to be executed concurrently with other tasks, you can use asyncio.run to run the task on a separate thread. * gui tasks: you can use asyncio.run to run gui tasks on a separate thread without blocking the main thread. note: asyncio.run is only available on main thread objects. if you need to run an asynchronous function on a different thread, you can use the asyncio.run function on the target thread object."
 Explain the concept of `multiprocessing` in Python.,"['Sure. Here is the concept of `multiprocessing` in Python:', '**Multiprocessing** allows multiple Python processes to run concurrently, sharing the same memory space. This enables faster execution of tasks that would take too long to finish if run one by one.', '**Key Concepts:**', '* **Processes:** Independent instances of the Python interpreter.', ""* **Shared Memory:** Processes can access each other's memory through a special object called **multiprocessing.shared_memory**."", '* **Multiprocessing.Process:** Class that allows creation and management of child processes.', '* **Multiprocessing.Thread:** Class that allows creation and management of threads within a single process.', '* **ThreadPoolExecutor:** Class that provides efficient management of threads by utilizing a pool of workers.', '**Example:**', '```python', 'import multiprocessing', 'def func(x):', '    print(f""Hello from process {x}"")', '# Create a process', 'process = multiprocessing.Process(target=func, args=(1,))', '# Start processes', 'process.start()', '# Create and start threads', 'thread = multiprocessing.Thread(target=func, args=(2,))', 'thread.start()', '```', '**Benefits of Multiprocessing:**', '* Increased performance for tasks that take a long time.', '* Efficient use of multiple CPU cores.', '* Ability to perform tasks concurrently while waiting for others.', '**Limitations:**', '* Not all functions are suitable for multithreading or multiprocessing.', '* Requires system resources like CPU and memory.', '* May not be necessary for tasks that can be executed sequentially.', '**Use Cases:**', '* Time-consuming tasks like data processing.', '* Machine learning algorithms.', '* Network communication.', '* Any long-running operations that can be executed concurrently.']",explain the concept of multiprocessing in python.,"here is the concept of multiprocessing in python: multiprocessing allows multiple python processes to run concurrently, sharing the same memory space. this enables faster execution of tasks that would take too long to finish if run one by one. key concepts: * processes: independent instances of the python interpreter. * shared memory: processes can access each other's memory through a special object called multiprocessing.shared_memory. * multiprocessing.process: class that allows creation and management of child processes. * multiprocessing.thread: class that allows creation and management of threads within a single process. * threadpoolexecutor: class that provides efficient management of threads by utilizing a pool of workers. example: benefits of multiprocessing: * increased performance for tasks that take a long time. * efficient use of multiple cpu cores. * ability to perform tasks concurrently while waiting for others. limitations: * not all functions are suitable for multithreading or multiprocessing. * requires system resources like cpu and memory. * may not be necessary for tasks that can be executed sequentially. use cases: * time-consuming tasks like data processing. * machine learning algorithms. * network communication. * any long-running operations that can be executed concurrently."
 What are the different types of resources available for sharing between child and parent processes?,"['There are two main types of resources available for sharing between child and parent processes:', '* **Shared memory** is a region of memory accessible by both the child and parent process. It is created when the child process opens a file or memory object and grants the parent process the appropriate permissions to access it. The parent then uses the `read()` and `write()` functions to read and write data from the shared memory.', '* **Pipes** are a more efficient way to share data between child and parent processes. Pipes allow the parent and child to open a single file and share it with each other. The parent can then use the `read()` and `write()` functions to read and write data from the pipe, while the child can use the `read()` and `write()` functions to read and write data from the pipe.']",what are the different types of resources available for sharing between child and parent processes?,"there are two main types of resources available for sharing between child and parent processes: * shared memory is a region of memory accessible by both the child and parent process. it is created when the child process opens a file or memory object and grants the parent process the appropriate permissions to access it. the parent then uses the read() and write() functions to read and write data from the shared memory. * pipes are a more efficient way to share data between child and parent processes. pipes allow the parent and child to open a single file and share it with each other. the parent can then use the read() and write() functions to read and write data from the pipe, while the child can use the read() and write() functions to read and write data from the pipe."
 What are some best practices for writing efficient and maintainable Python code?,"['**Best Practices for Writing Efficient and Maintainable Python Code:**', '**1. Readability and Clarity:**', '- Use descriptive variable and function names.', '- Keep your code clear and free from redundant or unnecessary code.', '- Use comments to explain complex or non-obvious sections of code.', '**2. Indentation and Formatting:**', '- Indent your code consistently, using 4 spaces or tabs.', '- Use consistent formatting to improve code readability.', '- Use consistent naming conventions for variables, functions, and modules.', '**3. Comments and Documentation:**', '- Write comprehensive comments to describe the purpose and functionality of the code.', '- Use docstrings to document functions, classes, and modules.', '- Consider using tools like `Pydoc` or `doxygen` for documentation generation.', '**4. Use Modules and Packages:**', '- Organize your code into modules and packages.', '- Use relative imports to ensure that modules are only imported when needed.', '- Use package management tools like `pip` or `conda` to distribute and install your code.', '**5. Optimization:**', '- Use techniques like list comprehension, generator expressions, and functional programming to optimize your code.', '- Avoid unnecessary loops and iterations.', '- Use memory-efficient data structures, such as `collections.namedtuple`.', '**6. Testing and Coverage:**', '- Write unit tests to ensure that your code works as expected.', '- Use a testing framework like `pytest` to run tests easily.', '- Ensure that your code is thoroughly tested.', '**7. Version Control:**', '- Use a version control system (e.g., `git`) to track changes and collaborate with others.', '- Commit your changes regularly to preserve your progress.', '**8. Refactoring and Code Refactoring:**', '- Regularly refactor your code to remove unnecessary code, improve efficiency, and adhere to best practices.', '- Consider using tools like `Black` or `Pylint` for code linting.', '**9. Code Reuse:**', '- Use established modules, libraries, and frameworks to reuse existing code.', '- Consider creating reusable functions and classes.', '**10. Continuous Improvement:**', '- Stay up-to-date with the latest Python features and best practices.', '- Participate in online communities and forums to seek feedback and learn from others.']",what are some best practices for writing efficient and maintainable python code?,"best practices for writing efficient and maintainable python code: 1. readability and clarity: - use descriptive variable and function names. - keep your code clear and free from redundant or unnecessary code. - use comments to explain complex or non-obvious sections of code. 2. indentation and formatting: - indent your code consistently, using 4 spaces or tabs. - use consistent formatting to improve code readability. - use consistent naming conventions for variables, functions, and modules. 3. comments and documentation: - write comprehensive comments to describe the purpose and functionality of the code. - use docstrings to document functions, classes, and modules. - consider using tools like pydoc or doxygen for documentation generation. 4. use modules and packages: - organize your code into modules and packages. - use relative imports to ensure that modules are only imported when needed. - use package management tools like pip or conda to distribute and install your code. 5. optimization: - use techniques like list comprehension, generator expressions, and functional programming to optimize your code. - avoid unnecessary loops and iterations. - use memory-efficient data structures, such as collections.namedtuple. 6. testing and coverage: - write unit tests to ensure that your code works as expected. - use a testing framework like pytest to run tests easily. - ensure that your code is thoroughly tested. 7. version control: - use a version control system (e.g., git) to track changes and collaborate with others. - commit your changes regularly to preserve your progress. 8. refactoring and code refactoring: - regularly refactor your code to remove unnecessary code, improve efficiency, and adhere to best practices. - consider using tools like black or pylint for code linting. 9. code reuse: - use established modules, libraries, and frameworks to reuse existing code. - consider creating reusable functions and classes. 10. continuous improvement: - stay up-to-date with the latest python features and best practices. - participate in online communities and forums to seek feedback and learn from others."
 Explain the difference between the keyword and the identifier and provide a real-world example of each.,"['Sure, here is the difference between keyword and identifier:', '**Keyword**', ""* Keyword is a special word that indicates the start of a programming language's reserved keywords or identifiers."", '* Keywords are typically reserved for specific built-in functions, variables, or operators that have special meaning to the compiler.', '* Examples: `if`, `for`, `while`, `function`, `variable`', '**Identifier**', '* Identifier is a letter or a combination of letters that is used to represent a specific name or variable.', '* Identifiers must follow the same syntax as keywords, but they are not reserved words.', '* Examples: `John`, `age`, `product`', 'A real-world example of a keyword is `if`, which is a keyword used to start an `if` statement. A real-world example of an identifier is `John`, which is a variable that stores the name of a person.', 'Keywords and identifiers are important for understanding how a programming language is used and what it can do. By understanding the difference between these two concepts, you can learn how to write valid and meaningful code.']",explain the difference between the keyword and the identifier and provide a real-world example of each.,"keyword * keyword is a special word that indicates the start of a programming language's reserved keywords or identifiers. * keywords are typically reserved for specific built-in functions, variables, or operators that have special meaning to the compiler. * examples: if, for, while, function, variable identifier * identifier is a letter or a combination of letters that is used to represent a specific name or variable. * identifiers must follow the same syntax as keywords, but they are not reserved words. * examples: john, age, product a real-world example of a keyword is if, which is a keyword used to start an if statement. a real-world example of an identifier is john, which is a variable that stores the name of a person. keywords and identifiers are important for understanding how a programming language is used and what it can do. by understanding the difference between these two concepts, you can learn how to write valid and meaningful code."
 What is string slicing? Explain how string slicing is performed.,"[""Sure. Here's a detailed explanation of string slicing:"", '**What is String Slicing?**', ""String slicing allows you to extract a portion of a string and store it in a new variable. It's similar to the slicing technique used in many programming languages for accessing elements in an array."", '**How String Slicing Is Performed?**', 'The string is divided into substrings based on the starting position and length of the substring you want to extract. This can be done using the following steps:', '1. **Initialization:**', '   * Create a new string variable to store the sliced part. ', '   * Set the length of the slice to the desired length. ', '2. **String Indices:**', '   * Specify the starting position (index) of the substring. ', '   * Include the length of the substring (number of characters to copy). ', '3. **String Substring:**', '   * Use string slicing syntax (e.g., ""slice[start:end]"") to extract the substring. ', '   * The ""start"" parameter indicates the position to begin the slicing, and the ""end"" parameter specifies where to stop the slicing. ', '**Example:**', '```python', 'string = ""Hello world""', '# Slicing to extract a substring from 6th index to 12th index', 'sliced_string = string[6:12]', '# Print the sliced string', 'print(sliced_string)  # Output: ""world""', '```', '**Advantages of String Slicing:**', '* **Code Readability:** It can make your code more readable by separating the string manipulation logic from other operations.', '* **Flexibility:** You can slice strings with different starting positions and lengths.', '* **Performance:** String slicing is generally faster than using built-in functions or loops to iterate through entire strings.', '**Note:**', 'Slicing in some languages (e.g., Python, JavaScript) may have slightly different syntax or methods.']",what is string slicing? explain how string slicing is performed.,""") to extract the substring. ', ' * the ""start"" parameter indicates the position to begin the slicing, and the ""end"" parameter specifies where to stop the slicing. ', 'example:', '', 'advantages of string slicing:', '* code readability: it can make your code more readable by separating the string manipulation logic from other operations.', '* flexibility: you can slice strings with different starting positions and lengths.', '* performance: string slicing is generally faster than using built-in functions or loops to iterate through entire strings.', 'note:', 'slicing in some languages (e.g., python, javascript) may have slightly different syntax or methods.']"
" How can you define, access, and modify a variable in Python?","[""Sure! Here's how you can define, access, and modify a variable in Python:"", '**1. Defining a Variable**', '* **Syntax**: `variable_name = value`', '* **Example**: `age = 30`', '**2. Accessing a Variable**', '* **Syntax**: `variable_name`', '* **Example**: `name`', '**3. Modifying a Variable**', '**a. Assigning a New Value**:', '```python', 'name = ""John""', 'age = 35', '```', '**b. Using a Counter**:', '```python', 'count = Counter(""hello"")', 'print(count[""hello""])', '```', '**c. Modifying a Specific Element**:', '```python', 'list1 = [1, 2, 3, 4, 5]', 'list1[2] = 20', 'print(list1)', '```', '**4. Accessing Multiple Variables from a List**:', '* Use slicing with a list: `variable_name[start:end]`', '* Use a loop: `for variable in variables_list: ...`', '**5. Using a Global Variable**:', '**a. Defining a Global Variable**:', '```python', 'global variable_name', 'variable_name = ""updated_value""', '```', '**b. Accessing a Global Variable**:', '```python', 'print(variable_name)', '```', '**Additional Notes**:', '* Variables are local to a function by default.', '* To make changes to a variable that are not global, use the `global` keyword.', '* Variables can be initialized with values when defining them.', '* Python also supports dynamic variable creation using the `vars()` module.']","how can you define, access, and modify a variable in python?","', '* use a loop: for variable in variables_list: ...', '5. using a global variable:', 'a. defining a global variable:', '', 'b. accessing a global variable:', '', 'additional notes:', '* variables are local to a function by default.', '* to make changes to a variable that are not global, use the global keyword.', '* variables can be initialized with values when defining them.', '* python also supports dynamic variable creation using the vars() module.']"
 Describe the difference between tuple and list. Give real-world examples for each.,"['**Tuple**', 'A tuple is an ordered collection of items, which means that the elements are stored in a specific order. Tuples are defined using parentheses, and the items within the tuple are separated by commas. For example:', '```python', 'tuple1 = (1, 2, 3, 4, 5)', '```', '**List**', 'A list is an ordered collection of items, but unlike a tuple, the elements can be stored in any order. Lists are defined with square brackets, and the items within the list are separated by commas or other delimiters. For example:', '```python', 'list1 = [1, 2, 3, 4, 5]', '```', '**Real-world examples**', '**Tuples** are often used when you need to store a collection of items in a specific order, such as the order in which they were created or received. For example:', '```python', 'order = (1, 2, 3, 4, 5)', 'print(order[2]) # Output: 3', '```', '**Lists** are often used when you need to store a collection of items in any order, such as the order they were created or received. For example:', '```python', 'items = [""apple"", ""banana"", ""cherry"", ""durian""]', ""print(items[2]) # Output: 'cherry'"", '```', 'Tuples and lists are both useful data structures, but they have some key differences. Tuples preserve the order of the elements, while lists do not. Tuples are also immutable, meaning that you cannot modify their elements after they have been created. Lists are mutable, meaning that you can modify their elements after they have been created.']",describe the difference between tuple and list. give real-world examples for each.,"tuple a tuple is an ordered collection of items, which means that the elements are stored in a specific order. tuples are defined using parentheses, and the items within the tuple are separated by commas. for example: list a list is an ordered collection of items, but unlike a tuple, the elements can be stored in any order. lists are defined with square brackets, and the items within the list are separated by commas or other delimiters. for example: real-world examples tuples are often used when you need to store a collection of items in a specific order, such as the order in which they were created or received. for example: lists are often used when you need to store a collection of items in any order, such as the order they were created or received. for example: tuples and lists are both useful data structures, but they have some key differences. tuples preserve the order of the elements, while lists do not. tuples are also immutable, meaning that you cannot modify their elements after they have been created. lists are mutable, meaning that you can modify their elements after they have been created."
 Explain the concept of inheritance and demonstrate it with an example.,"['Sure! Here is a detailed explanation of the concept of inheritance and a demonstration of it with an example:', '**Concept of Inheritance:**', ""Inheritance is a biological process in which one species' characteristics or traits are passed down to its offspring. It allows organisms with similar characteristics to pass on traits that they inherit from their parents. Over time, these traits become more common in the population, and those that are not present become less common."", '**How It Works:**', '1. **Gene Expression:**', '   - Each cell in an organism contains a set of genes that determine its traits. These genes are responsible for the production of proteins, which are responsible for various cellular functions.', '2. **Inheritance:**', '   - When a cell divides, the genes of its offspring are produced. The offspring inherits one copy of each gene from each parent.', '   - If a cell has two copies of a specific gene, it expresses both copies. This can lead to different traits being expressed.', '3. **Variation:**', '   - Inheritance allows for variation in traits within a population, as offspring can inherit different combinations of genes from their parents.', '4. **Fitness:**', ""   - Some traits are more advantageous than others, which can affect an organism's fitness. Individuals with traits that make them better suited to their environment are more likely to survive and reproduce, passing on their traits to the next generation."", '**Example:**', ""Let's imagine a population of rabbits with different coat colors, such as black, brown, and white."", '**Dominant Trait:**', '- Black fur is dominant over brown and white fur.', '**Recessive Trait:**', '- Brown and white fur are recessive traits.', 'If a rabbit has one copy of a dominant gene and one copy of a recessive gene, it will have black fur, which is dominant. If it has two copies of a recessive gene, it will have white fur, which is recessive.', '**Conclusion:**', 'Inheritance is a fundamental mechanism of biological diversity and evolution. It allows individuals to inherit traits from their parents, leading to variation in traits within a population. Over time, this process can result in the accumulation of beneficial traits and the decline of less beneficial traits. This process is responsible for the wide variety of organisms and ecosystems we find on Earth.']",explain the concept of inheritance and demonstrate it with an example.,"concept of inheritance: inheritance is a biological process in which one species' characteristics or traits are passed down to its offspring. it allows organisms with similar characteristics to pass on traits that they inherit from their parents. over time, these traits become more common in the population, and those that are not present become less common. how it works: 1. gene expression: - each cell in an organism contains a set of genes that determine its traits. these genes are responsible for the production of proteins, which are responsible for various cellular functions. 2. inheritance: - when a cell divides, the genes of its offspring are produced. the offspring inherits one copy of each gene from each parent. - if a cell has two copies of a specific gene, it expresses both copies. this can lead to different traits being expressed. 3. variation: - inheritance allows for variation in traits within a population, as offspring can inherit different combinations of genes from their parents. 4. fitness: - some traits are more advantageous than others, which can affect an organism's fitness. individuals with traits that make them better suited to their environment are more likely to survive and reproduce, passing on their traits to the next generation. example: let's imagine a population of rabbits with different coat colors, such as black, brown, and white. dominant trait: - black fur is dominant over brown and white fur. recessive trait: - brown and white fur are recessive traits. if a rabbit has one copy of a dominant gene and one copy of a recessive gene, it will have black fur, which is dominant. if it has two copies of a recessive gene, it will have white fur, which is recessive. conclusion: inheritance is a fundamental mechanism of biological diversity and evolution. it allows individuals to inherit traits from their parents, leading to variation in traits within a population. over time, this process can result in the accumulation of beneficial traits and the decline of less beneficial traits. this process is responsible for the wide variety of organisms and ecosystems we find on earth."
 What are the different types of variables in Python? Provide a real-world example for each.,"[""Sure! Here's a breakdown of different types of variables in Python, along with real-world examples for each:"", '1. **Int (Integer)**', '   - Variable type: int', '   - Value: Whole number', '   - Real-world example: `age = 25` represents an integer 25.', '2. **Float (Float)**', '   - Variable type: float', '   - Value: Real number with decimal points', '   - Real-world example: `salary = 35.5` represents a floating-point value 35.5.', '3. **String**', '   - Variable type: str', '   - Value: A sequence of characters', '   - Real-world example: `name = ""John Smith""` represents a string named ""John Smith.""', '4. **None**', '   - Variable type: None', '   - Value: Represents the absence of a value', '   - Real-world example: `x = None` indicates that the variable `x` is None.', '5. **Boolean**', '   - Variable type: bool', '   - Value: True or False', '   - Real-world example: `age_of_majority = True` indicates that the variable represents age 18 or above.', '6. **List**', '   - Variable type: list[Type]', '   - Values: A collection of similar data types', '   - Real-world example: `fruits = [""apple"", ""banana"", ""cherry""]` represents a list of fruit names.', '7. **Dictionary**', '   - Variable type: dict[Key, Value]', '   - Key: A unique identifier for key-value pairs', '   - Value: A collection of values associated with a specific key', '   - Real-world example: `data = {""name"": ""John"", ""age"": 25, ""city"": ""New York""}` represents a dictionary representing person\'s data.', 'These are some basic types of variables in Python. Each type has its unique purpose and uses. By understanding these data types, you can effectively manage and manipulate data in your Python programs.']",what are the different types of variables in python? provide a real-world example for each.,"', ' - values: a collection of similar data types', ' - real-world example: fruits = represents a list of fruit names.', '7. dictionary', ' - variable type: dict', ' - key: a unique identifier for key-value pairs', ' - value: a collection of values associated with a specific key', ' - real-world example: data = {""name"": ""john"", ""age"": 25, ""city"": ""new york""} represents a dictionary representing person\'s data.', 'these are some basic types of variables in python. each type has its unique purpose and uses. by understanding these data types, you can effectively manage and manipulate data in your python programs.']"
 What are the different methods and properties that can be used to manipulate a list of strings?,"['**Methods:**', ""* **Sorting:** Sort the list in ascending order based on the string's length, alphabetical order, or a custom key."", '* **Filtering:** Remove elements that meet specific criteria, such as those matching a regular expression or having a particular length.', '* **Chaining:** Concatenate or combine strings in a specific order.', '* **Iterating:** Traversal the list and access each element individually or in a loop.', '* **Searching:** Find specific elements within the list using keywords or patterns.', '**Properties:**', '* **Length**: The number of elements in the list.', '* **Index**: The position of an element in the list, starting from 0.', '* **String**: The type of data stored in each element.', '* **Case sensitivity**: Whether the strings are case-sensitive.', '* **Regular expression**: Patterns used for matching and searching.', ""* **Key**: A custom criterion for sorting or searching, independent of the string's value."", '* **Mutable**: The list can be modified after creation.', 'These methods and properties can be combined to manipulate lists of strings in various ways to achieve specific goals.']",what are the different methods and properties that can be used to manipulate a list of strings?,"methods: * sorting: sort the list in ascending order based on the string's length, alphabetical order, or a custom key. * filtering: remove elements that meet specific criteria, such as those matching a regular expression or having a particular length. * chaining: concatenate or combine strings in a specific order. * iterating: traversal the list and access each element individually or in a loop. * searching: find specific elements within the list using keywords or patterns. properties: * length: the number of elements in the list. * index: the position of an element in the list, starting from 0. * string: the type of data stored in each element. * case sensitivity: whether the strings are case-sensitive. * regular expression: patterns used for matching and searching. * key: a custom criterion for sorting or searching, independent of the string's value. * mutable: the list can be modified after creation. these methods and properties can be combined to manipulate lists of strings in various ways to achieve specific goals."
 What is a generator expression and how can it be used to create a generator object?,"['A generator expression is a sequence of operations that yield a sequence of values, where each value is computed as the result of evaluating an expression. A generator object is a class that provides methods for iterating over a generator expression, allowing you to access the values in the sequence without having to manually call the expression each time.', ""Here's how a generator expression can be used to create a generator object:"", '```python', 'def my_generator():', '  yield 1', '  yield 2', '  yield 3', '# Create a generator object from the generator expression', 'generator_object = generator(my_generator)', '# Iterate over the generator object', 'for value in generator_object:', '  print(value)', '```', '**Output:**', '```', '1', '2', '3', '```', '**Explanation:**', '1. The `my_generator` function generator returns a generator object when it is called.', '2. The `generator` function takes the generator expression as a parameter.', '3. When the `generator` function is called, it starts the generator expression and yields the values to the `yield` keyword.', '4. The `generator` object is a class that implements the `__iter__` and `__next__` methods.', '5. The `__iter__` method returns the generator expression, while the `__next__` method advances the generator to the next value.', '6. The `for` loop iterates over the generator object and prints the values of each iteration.', '**Benefits of using generator expressions:**', '* Avoids the need to manually call the generator expression each time.', '* Provides a more readable and efficient way to iterate over a sequence of values.', '* Can be used to create more complex generators with multiple conditions and loops.']",what is a generator expression and how can it be used to create a generator object?,"a generator expression is a sequence of operations that yield a sequence of values, where each value is computed as the result of evaluating an expression. a generator object is a class that provides methods for iterating over a generator expression, allowing you to access the values in the sequence without having to manually call the expression each time. here's how a generator expression can be used to create a generator object: output: explanation: 1. the my_generator function generator returns a generator object when it is called. 2. the generator function takes the generator expression as a parameter. 3. when the generator function is called, it starts the generator expression and yields the values to the yield keyword. 4. the generator object is a class that implements the iter and next methods. 5. the iter method returns the generator expression, while the next method advances the generator to the next value. 6. the for loop iterates over the generator object and prints the values of each iteration. benefits of using generator expressions: * avoids the need to manually call the generator expression each time. * provides a more readable and efficient way to iterate over a sequence of values. * can be used to create more complex generators with multiple conditions and loops."
 Explain the concept of context managers in Python. Give examples for each type of context manager.,"['Sure, here is an explanation of context managers in Python and examples for each type of context manager. ', '**Context managers in Python** are a mechanism that allows you to automatically close resources when they are no longer needed. This helps to prevent resource leaks and ensures that resources are used efficiently. ', '**Here are the different types of context managers in Python:**', '* **File context manager:** This type of context manager is used to open and close files. It automatically closes the file when it goes out of scope or is garbage collected. ', '* **String context manager:** This type of context manager is used to open and close strings. It automatically closes the string when it goes out of scope or is garbage collected.', '* **Object context manager:** This type of context manager is used to manage objects. It automatically closes the object when it goes out of scope or is garbage collected. ', '* **Iterator context manager:** This type of context manager is used to manage iterators. It automatically closes the iterator when it goes out of scope or is garbage collected.', '**Example of File Context Manager:**', '```python', 'with open(""myfile.txt"", ""r"") as f:', '    data = f.read()', '    print(data)', '```', '**Example of String Context Manager:**', '```python', 'with open(""mystring.txt"", ""r"") as f:', '    data = f.read()', '    print(data)', '```', '**Example of Object Context Manager:**', '```python', 'class Person:', '    def __init__(self, name):', '        self.name = name', '    def say_hello(self):', '        print(""Hello, {}"".format(self.name))', 'with Person(""John""):', '    person.say_hello()', '```', '**Example of Iterator Context Manager:**', '```python', 'class MyIterator:', '    def __init__(self, data):', '        self.data = data', '    def __iter__(self):', '        for item in self.data:', '            yield item', 'for item in MyIterator([1, 2, 3, 4, 5]):', '    print(item)', '```', 'These are just a few examples of how to use context managers in Python. There are many other types of context managers available, and they can be used to manage a variety of resources, including files, strings, objects, and iterators.']",explain the concept of context managers in python. give examples for each type of context manager.,"context managers in python are a mechanism that allows you to automatically close resources when they are no longer needed. this helps to prevent resource leaks and ensures that resources are used efficiently. here are the different types of context managers in python: * file context manager: this type of context manager is used to open and close files. it automatically closes the file when it goes out of scope or is garbage collected. * string context manager: this type of context manager is used to open and close strings. it automatically closes the string when it goes out of scope or is garbage collected. * object context manager: this type of context manager is used to manage objects. it automatically closes the object when it goes out of scope or is garbage collected. * iterator context manager: this type of context manager is used to manage iterators. it automatically closes the iterator when it goes out of scope or is garbage collected. example of file context manager: example of string context manager: example of object context manager: example of iterator context manager: these are just a few examples of how to use context managers in python. there are many other types of context managers available, and they can be used to manage a variety of resources, including files, strings, objects, and iterators."
" Differentiate between the `id` operator, the `is` operator, and the `==` operator in Python.","['Sure, here is the difference between the `id` operator, the `is` operator, and the `==` operator in Python:', '**1. `id` operator:**', '* The `id` operator returns the **unique identifier** of an object.', '* It is used for identifying objects and comparing them for reference equality.', '* The `id` operator is not affected by inheritance or polymorphism.', '**2. `is` operator:**', '* The `is` operator checks if an object is an **exact match** to another object in terms of its memory address.', '* It is used for identity-based comparisons.', '* The `is` operator raises a `TypeError` if the compared object is not an instance of the object being checked.', '**3. `==` operator:**', '* The `==` operator checks if two objects contain the **same content** in terms of data type, value, and memory location.', '* It is used for value-based comparisons.', '* The `==` operator can be overridden by custom objects to perform different comparisons.', ""Here's an example that illustrates the differences between these operators:"", '```python', '# Object id', 'object_id = 123', '# Object is an instance of the class', 'object_is_instance = isinstance(object, MyClass)', '# Object content comparison', 'object_value = object_id', '# Overridden `==` operator', 'class MyClass:', '    def __init__(self, value):', '        self.value = value', '    def __eq__(self, other):', '        return self.value == other.value', '```', '**In summary:**', '| Operator | Purpose | Impact on inheritance |', '|---|---|---|', '| `id` | Object identification | No |', '| `is` | Objects are the same memory address | No |', '| `==` | Content comparison | Yes |']","differentiate between the id operator, the is operator, and the == operator in python.","1. id operator: * the id operator returns the unique identifier of an object. * it is used for identifying objects and comparing them for reference equality. * the id operator is not affected by inheritance or polymorphism. 2. is operator: * the is operator checks if an object is an exact match to another object in terms of its memory address. * it is used for identity-based comparisons. * the is operator raises a typeerror if the compared object is not an instance of the object being checked. 3. == operator: * the == operator checks if two objects contain the same content in terms of data type, value, and memory location. * it is used for value-based comparisons. * the == operator can be overridden by custom objects to perform different comparisons. here's an example that illustrates the differences between these operators: in summary: | operator | purpose | impact on inheritance | |---|---|---| | id | object identification | no | | is | objects are the same memory address | no | | == | content comparison | yes |"
 Explain the difference between an object and a variable in Python. Provide a real-world example for each.,"['Sure, here is the difference between an object and a variable in Python:', '**Object**', '* An object is an independent entity that contains data and methods (functions).', '* It can have its own identity and address in memory.', '* Objects are created using the `class` keyword.', '* Objects can be used to represent real-world entities, such as cars, animals, or data structures.', '**Variable**', '* A variable is a named location in memory that stores a single piece of data.', '* It is assigned a value when it is created.', '* Variables are used to store data and can be manipulated by the programmer.', '* Variables are declared using the `var` keyword, followed by the variable name and an equal sign. For example:', '```python', 'name = ""John""', 'age = 30', '```', '**Example**', '**Object**', '```python', 'class Animal:', '    def __init__(self, name, species):', '        self.name = name', '        self.species = species', '    ', '    def speak(self):', '        print(f""{self.name} says {self.species}"")', '# Create an object of the Animal class', 'animal = Animal(""Tiger"", ""Mamalia"")', ""# Call the 'speak' method on the animal object"", 'animal.speak()', '```', '**Variable**', '```python', 'name = ""John""  # Variable declaration', 'age = 30', '# Print the name variable', 'print(name)', '# Print the value of the age variable', 'print(age)', '```', 'In this example, the `Animal` class represents an object that contains information about an animal. The `name` and `species` attributes are instance variables of the object. The `speak` method is a class method that can be called on the object to print information about the animal.', 'The `name` variable is a variable that stores the name of a person. It is a local variable within the `__init__` method. The `age` variable is a global variable, stored in the memory space of the program.']",explain the difference between an object and a variable in python. provide a real-world example for each.,"object * an object is an independent entity that contains data and methods (functions). * it can have its own identity and address in memory. * objects are created using the class keyword. * objects can be used to represent real-world entities, such as cars, animals, or data structures. variable * a variable is a named location in memory that stores a single piece of data. * it is assigned a value when it is created. * variables are used to store data and can be manipulated by the programmer. * variables are declared using the var keyword, followed by the variable name and an equal sign. for example: example object variable in this example, the animal class represents an object that contains information about an animal. the name and species attributes are instance variables of the object. the speak method is a class method that can be called on the object to print information about the animal. the name variable is a variable that stores the name of a person. it is a local variable within the init method. the age variable is a global variable, stored in the memory space of the program."
 What are the different ways to handle exceptions in Python? Provide a real-world example for each.,"['Sure. Here are a few ways to handle exceptions in Python:', '**1. Using the try-except block**', 'The try block contains the code that you want to execute. The except block contains the code that you want to run if an exception occurs.', '```python', 'try:', '    # Code that you want to execute', 'except ExceptionType:', '    # Code to be executed if an exception occurs', '```', '**Example:**', '```python', 'try:', '    age = int(input(""Enter your age: ""))', 'except ValueError:', '    print(""Invalid input. Please input a valid number."")', '```', '**2. Using the `try` keyword with multiple `except` blocks**', 'You can use multiple `except` blocks to handle different types of exceptions.', '```python', 'try:', '    # Code that you want to execute', 'except Exception1:', '    # Code to be executed if Exception1 occurs', 'except Exception2:', '    # Code to be executed if Exception2 occurs', 'except Exception3:', '    # Code to be executed if Exception3 occurs', '```', '**Example:**', '```python', 'try:', '    age = int(input(""Enter your age: ""))', 'except ValueError:', '    print(""Invalid input. Please input a valid number."")', 'except ArithmeticError:', '    print(""Invalid input. Please enter a positive number."")', '```', '**3. Using the `finally` block**', 'The `finally` block is executed regardless of whether an exception occurs or not. This block can be used to perform cleanup actions, such as logging an exception or closing a resource.', '```python', 'try:', '    # Code that you want to execute', 'except ExceptionType:', '    # Perform cleanup actions here', 'finally:', '    # Cleanup code, even if an exception occurs', '```', '**Example:**', '```python', 'try:', '    with open(""myfile.txt"", ""r"") as file:', '        data = file.read()', 'except IOError:', '    print(""Error reading file."")', '```', '**4. Using the `try` keyword with the `contextlib` module**', 'The `contextlib` module provides a context manager that automatically closes a resource, such as a file, when the `with` block is finished.', '```python', 'import contextlib', 'with contextlib.redirect_stdout(open(""output.txt"", ""w"")) as f:', '    # Code that you want to execute', '```', '**Example:**', '```python', 'with contextlib.redirect_stdout(open(""output.txt"", ""w"")) as f:', '    f.write(""Hello world!"")', '```']",what are the different ways to handle exceptions in python? provide a real-world example for each.,"here are a few ways to handle exceptions in python: 1. using the try-except block the try block contains the code that you want to execute. the except block contains the code that you want to run if an exception occurs. example: 2. using the try keyword with multiple except blocks you can use multiple except blocks to handle different types of exceptions. example: 3. using the finally block the finally block is executed regardless of whether an exception occurs or not. this block can be used to perform cleanup actions, such as logging an exception or closing a resource. example: 4. using the try keyword with the contextlib module the contextlib module provides a context manager that automatically closes a resource, such as a file, when the with block is finished. example:"
 What is the difference between a mutable and an immutable data structure? Provide examples and real-world use cases for each.,"['**Mutable Data Structures**:', '* Data is changed directly in real-time', '* Data structures that can be modified', '* Examples: List, string, dictionary, array', '**Immutable Data Structures**: ', '* Data cannot be changed directly in real-time', '* Data structures that cannot be modified', '* Examples: Tuple, string, set', '**Real-World Use Cases:**', '**Mutable Data Structures:**', '* **Dynamic Programming**: Mutable data structures are used in dynamic programming when the size of the data changes during the execution of a program.', '* **Algorithms:** Mutable data structures, like arrays and strings, are used by algorithms that require real-time data manipulation.', '**Immutable Data Structures:** ', '* **Data Storage**: Immutable data structures, like tuples and sets, are used to store data that must be preserved and should not be modified by accident or malicious actions.', '* **Cryptographic Applications**: Immutable data structures, such as strings and keys, are commonly used in cryptographic algorithms to ensure data integrity.', '* **Object-Oriented Programming**: Immutable data structures are used in object-oriented programming to represent data that must not be altered.']",what is the difference between a mutable and an immutable data structure? provide examples and real-world use cases for each.,"mutable data structures: * data is changed directly in real-time * data structures that can be modified * examples: list, string, dictionary, array immutable data structures: * data cannot be changed directly in real-time * data structures that cannot be modified * examples: tuple, string, set real-world use cases: mutable data structures: * dynamic programming: mutable data structures are used in dynamic programming when the size of the data changes during the execution of a program. * algorithms: mutable data structures, like arrays and strings, are used by algorithms that require real-time data manipulation. immutable data structures: * data storage: immutable data structures, like tuples and sets, are used to store data that must be preserved and should not be modified by accident or malicious actions. * cryptographic applications: immutable data structures, such as strings and keys, are commonly used in cryptographic algorithms to ensure data integrity. * object-oriented programming: immutable data structures are used in object-oriented programming to represent data that must not be altered."
 Explain the concept of a thread in Python. Provide an example with its implementation and use case.,"['## Thread in Python', '**Thread** is a lightweight process in Python that allows multiple functions to run concurrently, improving overall performance by utilizing multiple CPU cores. ', '**Key characteristics of a Thread:**', '* A single thread can execute only one block of code at a time.', '* Multiple threads can be created and switch between them dynamically.', '* Each thread has its own memory space and can interact with the main thread through events and queues.', '**Implementation of Thread in Python:**', '```python', 'import threading', 'class ThreadExample(threading.Thread):', '    def __init__(self, num):', '        threading.Thread.__init__(self)', '        self.num = num', '    def run(self):', '        print(f""Thread {self.num} is running"")', '        # Perform some tasks on this thread', '        # ...', '# Create 4 threads, each running a different task', 'threads = [ThreadExample(i + 1) for i in range(4)]', '# Start all threads', 'for thread in threads:', '    thread.start()', '```', '**Example:**', 'The code above creates 4 threads, each printing the same message ""Thread X is running"". Each thread runs independently, performing some tasks and completing them asynchronously. ', '**Use Case:**', 'Threads are useful for implementing concurrent functionality in applications with high CPU requirements. For example:', '* **Web development:** Rendering pages, processing user requests.', '* **Data analysis:** Multiprocessing datasets for parallel analysis.', '* **Machine learning:** Training models with multiple GPUs.', '* **Network communication:** Handling multiple clients or server connections.', 'Overall, understanding threads in Python can significantly improve the performance of your applications by allowing multiple tasks to run concurrently.']",explain the concept of a thread in python. provide an example with its implementation and use case.,"## thread in python thread is a lightweight process in python that allows multiple functions to run concurrently, improving overall performance by utilizing multiple cpu cores. key characteristics of a thread: * a single thread can execute only one block of code at a time. * multiple threads can be created and switch between them dynamically. * each thread has its own memory space and can interact with the main thread through events and queues. implementation of thread in python: example: the code above creates 4 threads, each printing the same message ""thread x is running"". each thread runs independently, performing some tasks and completing them asynchronously. use case: threads are useful for implementing concurrent functionality in applications with high cpu requirements. for example: * web development: rendering pages, processing user requests. * data analysis: multiprocessing datasets for parallel analysis. * machine learning: training models with multiple gpus. * network communication: handling multiple clients or server connections. overall, understanding threads in python can significantly improve the performance of your applications by allowing multiple tasks to run concurrently."
 Differentiate between threads and processes in Python. Give real-world examples for each.,"['Sure. Here is the difference between threads and processes in Python:', '**Threads:**', '* A thread is a single execution of a part of the program, running concurrently with other threads.', '* Threads share the same memory space and variables, making it easier to write concurrent code.', '* When a thread finishes, it immediately resumes execution from the point of its start, unlike processes.', '* Threads are lightweight and are commonly used when you need to perform long-running tasks concurrently. ', '**Processes:**', '* A process is an independent execution of a program, with its own memory space and resources.', ""* Processes have their own copies of variables and objects, preventing changes made to other process's memory."", '* Processes are heavier than threads, requiring each process to have its own operating system. ', '* Processes can be used for more complex tasks, especially when you need to isolate them from other processes.  ', ""Here's a table summarizing the difference between threads and processes:"", '| Feature | Thread | Process |', '|:---|---|---|', '| Memory space | Shared | Independent |', '| Lifetime | Thread | Process |', '| Termination | Resume execution from start | Exit when finished |', '| Use cases | Long-running tasks | Complex tasks, isolating from other processes |', '**Real-world examples:**', '* **Thread Example:** Using threads in a web application to handle multiple requests at the same time. This is achieved by creating a thread for each request and allowing it to execute independently.', '* **Process Example:** Using processes to run a separate script or program that is not part of your current script. This allows you to run several long-running processes without blocking the main thread.', 'Remember that threads and processes are not the same thing. Threads can be used within processes, and processes can also use threads to implement their functionality.']",differentiate between threads and processes in python. give real-world examples for each.,"here is the difference between threads and processes in python: threads: * a thread is a single execution of a part of the program, running concurrently with other threads. * threads share the same memory space and variables, making it easier to write concurrent code. * when a thread finishes, it immediately resumes execution from the point of its start, unlike processes. * threads are lightweight and are commonly used when you need to perform long-running tasks concurrently. processes: * a process is an independent execution of a program, with its own memory space and resources. * processes have their own copies of variables and objects, preventing changes made to other process's memory. * processes are heavier than threads, requiring each process to have its own operating system. * processes can be used for more complex tasks, especially when you need to isolate them from other processes. here's a table summarizing the difference between threads and processes: | feature | thread | process | |:---|---|---| | memory space | shared | independent | | lifetime | thread | process | | termination | resume execution from start | exit when finished | | use cases | long-running tasks | complex tasks, isolating from other processes | real-world examples: * thread example: using threads in a web application to handle multiple requests at the same time. this is achieved by creating a thread for each request and allowing it to execute independently. * process example: using processes to run a separate script or program that is not part of your current script. this allows you to run several long-running processes without blocking the main thread. remember that threads and processes are not the same thing. threads can be used within processes, and processes can also use threads to implement their functionality."
 Explain the concept of metaclasses in Python. Provide an example with its implementation and use case.,"['Sure, here is the concept of metaclasses in Python, an example, and its use case.', '**Metaclasses**', 'Metaclasses in Python are a special type of class that allow you to dynamically create and instantiate classes at runtime. This means that you can create a class that inherits from another class at runtime, and the new class can have different attributes and methods defined.', '**Example:**', '```python', 'class MetaClass(type):', '  def __new__(mcs, name, bases, attrs):', '    new_class = super().__new__(mcs, name, bases, attrs)', '    new_class.cls = mcs', '    return new_class', 'class MyClass(metaclass=MetaClass):', '  name = ""MyClass""', '  age = 25', 'print(MyClass.name)  # Output: MyClass', 'print(MyClass.age)  # Output: 25', '```', 'In the example above, the `MetaClass` class defines an `__new__` method that sets the `cls` attribute of the new class to the `MetaClass` class itself. This effectively creates a class that inherits the attributes and methods of the `MetaClass` class.', '**Use Case:**', 'Metaclasses can be used for a variety of purposes, such as:', '* Creating new class instances dynamically', '* Defining custom class behavior', '* Implementing runtime changes to classes', '* Creating metaclasses that define new metaclasses', '**Benefits of using metaclasses:**', '* **Dynamic class creation:** You can create a new class without having to explicitly define its attributes and methods.', '* **Inheritance:** You can inherit attributes and methods from other classes at runtime.', '* **Runtime changes:** You can change the behavior of a class during runtime, such as setting attributes or calling functions.', '* **Metaclass metaclasses:** You can define new metaclasses that define new metaclasses, creating a chain of inheritance.', 'Overall, metaclasses are a powerful tool for creating and managing dynamic and extensible classes in Python.']",explain the concept of metaclasses in python. provide an example with its implementation and use case.,"metaclasses metaclasses in python are a special type of class that allow you to dynamically create and instantiate classes at runtime. this means that you can create a class that inherits from another class at runtime, and the new class can have different attributes and methods defined. example: in the example above, the metaclass class defines an new method that sets the cls attribute of the new class to the metaclass class itself. this effectively creates a class that inherits the attributes and methods of the metaclass class. use case: metaclasses can be used for a variety of purposes, such as: * creating new class instances dynamically * defining custom class behavior * implementing runtime changes to classes * creating metaclasses that define new metaclasses benefits of using metaclasses: * dynamic class creation: you can create a new class without having to explicitly define its attributes and methods. * inheritance: you can inherit attributes and methods from other classes at runtime. * runtime changes: you can change the behavior of a class during runtime, such as setting attributes or calling functions. * metaclass metaclasses: you can define new metaclasses that define new metaclasses, creating a chain of inheritance. overall, metaclasses are a powerful tool for creating and managing dynamic and extensible classes in python."
 What is the difference between an iterator and a generator object in Python? Provide a real-world example for each.,"['Sure, here is the difference between iterators and generators in Python:', '**Iterator**', '* An iterator is an iterable object (a class that defines an iterable method) that can be iterated over, one item at a time.', '* It provides the method `__iter__()` that returns the object itself, which will be iterated over when you use the `for` statement or call the `iter()` function directly.', '* The `__getitem__()` method defines how the individual items in the iterator are accessed.', '* You can use iterators with the `for` statement to iterate over them, access the items one by one, and use the `next()` function to retrieve them.', '**Generator**', '* A generator is an iterable object that yields (returns) the items in the object one at a time.', '* It is not an iterable object itself, but instead, it defines a function that returns items.', '* You cannot directly access items in a generator object without using the `iter()` function.', '* When you call the `iter()` function with a generator object, it will return the items one by one as needed.', '* You can use generators with the `for` statement, but you can also use the `yield` keyword to return items explicitly.', '**Example**', '```python', '# Iterator', 'iterator = iter([1, 2, 3, 4, 5])', 'for item in iterator:', '    print(item)', '# Generator', 'generator = (1, 2, 3, 4, 5)', 'for item in generator:', '    print(item)', '```', 'In the first example, we used an iterator to iterate over a list of numbers. The iterator object is an iterable object that returns the items in the list one at a time. We used the `for` loop to iterate over the iterator and print the items.', 'In the second example, we used a generator to yield the items in the list. The generator object is an iterable object that does not store all of the items in the list at once. Instead, it yields the items one at a time. We used the `for ` loop to iterate over the generator and print the items.']",what is the difference between an iterator and a generator object in python? provide a real-world example for each.,"iterator * an iterator is an iterable object (a class that defines an iterable method) that can be iterated over, one item at a time. * it provides the method iter() that returns the object itself, which will be iterated over when you use the for statement or call the iter() function directly. * the getitem() method defines how the individual items in the iterator are accessed. * you can use iterators with the for statement to iterate over them, access the items one by one, and use the next() function to retrieve them. generator * a generator is an iterable object that yields (returns) the items in the object one at a time. * it is not an iterable object itself, but instead, it defines a function that returns items. * you cannot directly access items in a generator object without using the iter() function. * when you call the iter() function with a generator object, it will return the items one by one as needed. * you can use generators with the for statement, but you can also use the yield keyword to return items explicitly. example in the first example, we used an iterator to iterate over a list of numbers. the iterator object is an iterable object that returns the items in the list one at a time. we used the for loop to iterate over the iterator and print the items. in the second example, we used a generator to yield the items in the list. the generator object is an iterable object that does not store all of the items in the list at once. instead, it yields the items one at a time. we used the for loop to iterate over the generator and print the items."
 Explain the concept of context managers and how they are used to manage resources in a context-aware manner.,"['Sure, here is an explanation of context managers and their role in managing resources in a context-aware manner:', '**Context Manager**:', 'A context manager is a software component that manages resources associated with a specific context. It provides a centralized mechanism to acquire, release, and control these resources, ensuring that they are used appropriately and efficiently.', '**Resource Management**:', 'When a resource is needed, a context manager is responsible for acquiring it using a specific strategy. This could involve acquiring a resource from a database, a network resource, or any other appropriate source. Once the resource is acquired, the context manager tracks its usage and releases it when it is no longer needed.', '**Context-Awareness**:', 'To manage resources in a context-aware manner, a context manager keeps track of the current context and the resources that are associated with it. The context manager uses this information to allocate and release resources in a specific order, ensuring that resources are used in the context in which they are acquired.', '**Benefits of Using Context Managers:**', '- **Resource Efficiency:** Context managers help optimize resource usage by allocating and releasing resources only when they are needed.', '- **Code Maintainability:** By centralizing resource management, context managers make it easier to maintain and understand code that interacts with multiple resources.', '- **Improved Performance:** By eliminating the need to manually acquire and release resources, context managers can improve the performance of applications.', '- **Enhanced Security:** Context managers can enforce permissions and access control mechanisms, ensuring that resources are used appropriately.', '**Examples of Context Managers:**', '- In Python, the `contextlib` module provides a context manager that manages resources such as files, network connections, and pipes.', '- In Java, the `java.util.concurrent.ExecutorService` and `java.util.concurrent.Executors` classes provide mechanisms for managing concurrent resource acquisition and release.', '- In Node.js, the `child_process` module provides context managers for managing child processes and their resources.', '**Conclusion:**', 'Context managers are essential for managing resources in a context-aware manner. They provide a centralized mechanism to acquire, release, and control resources, ensuring that they are used appropriately and efficiently. By utilizing context managers, developers can improve resource efficiency, maintain code cleanliness, and enhance the performance and security of their applications.']",explain the concept of context managers and how they are used to manage resources in a context-aware manner.,"context manager: a context manager is a software component that manages resources associated with a specific context. it provides a centralized mechanism to acquire, release, and control these resources, ensuring that they are used appropriately and efficiently. resource management: when a resource is needed, a context manager is responsible for acquiring it using a specific strategy. this could involve acquiring a resource from a database, a network resource, or any other appropriate source. once the resource is acquired, the context manager tracks its usage and releases it when it is no longer needed. context-awareness: to manage resources in a context-aware manner, a context manager keeps track of the current context and the resources that are associated with it. the context manager uses this information to allocate and release resources in a specific order, ensuring that resources are used in the context in which they are acquired. benefits of using context managers: - resource efficiency: context managers help optimize resource usage by allocating and releasing resources only when they are needed. - code maintainability: by centralizing resource management, context managers make it easier to maintain and understand code that interacts with multiple resources. - improved performance: by eliminating the need to manually acquire and release resources, context managers can improve the performance of applications. - enhanced security: context managers can enforce permissions and access control mechanisms, ensuring that resources are used appropriately. examples of context managers: - in python, the contextlib module provides a context manager that manages resources such as files, network connections, and pipes. - in java, the java.util.concurrent.executorservice and java.util.concurrent.executors classes provide mechanisms for managing concurrent resource acquisition and release. - in node.js, the child_process module provides context managers for managing child processes and their resources. conclusion: context managers are essential for managing resources in a context-aware manner. they provide a centralized mechanism to acquire, release, and control resources, ensuring that they are used appropriately and efficiently. by utilizing context managers, developers can improve resource efficiency, maintain code cleanliness, and enhance the performance and security of their applications."
 Differentiate between inheritance and polymorphism in Python. Give a real-world example for each.,"['**Inheritance:**', 'Inheritance is a mechanism in which one class inherits the properties and behaviors of another class. The new class, called the derived class, is created from the base class, and it inherits its attributes and behaviors. ', '**Polymorphism:**', 'Polymorphism is the ability of an object to behave differently depending on the type of object. This means that different objects of the same class can handle the same message or method in different ways. ', '**Example:**', '**Inheritance:**', '```python', 'class Animal:', '    def __init__(self, name):', '        self.name = name', '    def speak(self):', '        print(""Animal says:"", self.name)', 'class Dog(Animal):', '    def speak(self):', '        print(""Dog says:"", self.name)', 'class Cat(Animal):', '    def speak(self):', '        print(""Cat says:"", self.name)', '```', '**Polymorphism:**', '```python', 'class Shape:', '    def area(self):', '        raise NotImplementedError', 'class Rectangle(Shape):', '    def area(self):', '        return self.length * self.width', 'class Triangle(Shape):', '    def area(self):', '        return 0.5 * self.base * self.height', 'class Circle(Shape):', '    def area(self):', '        return np.pi * self.radius**2', '```']",differentiate between inheritance and polymorphism in python. give a real-world example for each.,"inheritance: inheritance is a mechanism in which one class inherits the properties and behaviors of another class. the new class, called the derived class, is created from the base class, and it inherits its attributes and behaviors. polymorphism: polymorphism is the ability of an object to behave differently depending on the type of object. this means that different objects of the same class can handle the same message or method in different ways. example: inheritance: polymorphism:"
 How can you implement inheritance in a class in Python? Provide an example of its implementation.,"['**Inheritance in Python**', '**Inheritance allows a class to inherit attributes and behaviors from another class. This enables a class to have the characteristics of the parent class and additional characteristics specific to the child class.**', ""**Here's how inheritance works in a class in Python:**"", '1. **Class Definition:**', '   - Define a class using the `class` keyword, followed by the class name and the `__init__` method.', '```python', 'class Animal:', '  def __init__(self, name, species):', '    self.name = name', '    self.species = species', '```', '2. **Child Class:**', '   - Define the child class that inherits from the parent class.', '   - In the child class, inherit the `__init__` method from the parent class.', '   - Override the `__init__` method to provide specific initialization values.', '```python', 'class Dog(Animal):', '  def __init__(self, name, species, breed):', '    super().__init__(name, species)', '    self.breed = breed', '```', '3. **Inheritance and Attributes:**', '   - The child class inherits the attributes and behaviors defined in the parent class.', '   - It can access and use these attributes directly.', '```python', 'dog_obj = Dog(""Max"", ""Golden Retriever"", ""Working"")', 'print(f""Dog\'s name: {dog_obj.name}"")  # Output: Dog\'s name: Max', '```', '**Additional Notes:**', '- Inherit from the same class for nested inheritance.', ""- Use `super().__init__` to call the parent class's `__init__` method."", '- Override methods in the child class, providing your implementation.', '- Inheritance allows you to create specialized classes that inherit the characteristics of existing classes.', '**Benefits of Inheritance:**', '- Code reusability', '- Maintainable code', '- Subclassing existing classes', '- Specialized classes with specific characteristics']",how can you implement inheritance in a class in python? provide an example of its implementation.,"inheritance in python inheritance allows a class to inherit attributes and behaviors from another class. this enables a class to have the characteristics of the parent class and additional characteristics specific to the child class. here's how inheritance works in a class in python: 1. class definition: - define a class using the class keyword, followed by the class name and the init method. 2. child class: - define the child class that inherits from the parent class. - in the child class, inherit the init method from the parent class. - override the init method to provide specific initialization values. 3. inheritance and attributes: - the child class inherits the attributes and behaviors defined in the parent class. - it can access and use these attributes directly. additional notes: - inherit from the same class for nested inheritance. - use super().init to call the parent class's init method. - override methods in the child class, providing your implementation. - inheritance allows you to create specialized classes that inherit the characteristics of existing classes. benefits of inheritance: - code reusability - maintainable code - subclassing existing classes - specialized classes with specific characteristics"
 Explain the concept of polymorphism in Python and how it allows a function to work with objects of different types.,"['Sure! Here are the key concepts of polymorphism in Python:', '**Polymorphism** is a mechanism in programming where a single function can be applied to objects of different types. This allows a single function to be used with different objects without having to create a separate function for each object.', '**Dynamic dispatch** is the process by which the computer determines the type of an object at runtime and calls the corresponding function on that object.', '**Inheritance** is a mechanism in which a new class is created that inherits from an existing class. This means that the new class inherits all the attributes and methods of the existing class.', '**Overriding** is a mechanism in which a subclass can override a function defined in its superclass. This means that the subclass can implement its own version of the function.', '**Example:**', '```python', 'class Animal:', '    def __init__(self, name):', '        self.name = name', '    def speak(self):', '        print(""Animal says:"", self.name)', 'class Dog(Animal):', '    def speak(self):', '        print(""Dog says:"", self.name)', 'class Cat(Animal):', '    def speak(self):', '        print(""Cat says:"", self.name)', '# Create an animal object', 'animal = Animal(""Fido"")', '# Call the speak() method', 'animal.speak()  # Output: Animal says: Fido', '# Create a dog object', 'dog = Dog(""Buddy"")', '# Call the speak() method on the dog object', 'dog.speak()  # Output: Dog says: Buddy', '# Create a cat object', 'cat = Cat(""Whiskers"")', '# Call the speak() method on the cat object', 'cat.speak()  # Output: Cat says: Whiskers', '```', 'In this example, the `Animal` class defines the `__init__` method, which sets the `name` attribute for all animals. The `Dog` and `Cat` classes inherit from the `Animal` class, and they override the `speak` method to implement their specific behaviors, such as barking and meowing, respectively.', 'Polymorphism allows us to define functions that work with objects of different types without having to write separate implementations for each type. This makes it easier to maintain and extends our programs.']",explain the concept of polymorphism in python and how it allows a function to work with objects of different types.,"polymorphism is a mechanism in programming where a single function can be applied to objects of different types. this allows a single function to be used with different objects without having to create a separate function for each object. dynamic dispatch is the process by which the computer determines the type of an object at runtime and calls the corresponding function on that object. inheritance is a mechanism in which a new class is created that inherits from an existing class. this means that the new class inherits all the attributes and methods of the existing class. overriding is a mechanism in which a subclass can override a function defined in its superclass. this means that the subclass can implement its own version of the function. example: in this example, the animal class defines the init method, which sets the name attribute for all animals. the dog and cat classes inherit from the animal class, and they override the speak method to implement their specific behaviors, such as barking and meowing, respectively. polymorphism allows us to define functions that work with objects of different types without having to write separate implementations for each type. this makes it easier to maintain and extends our programs."
 What is a context manager in Python and how is it used to manage resources?,"['A context manager in Python is a special type of context manager that provides a way to manage the lifetime of an object or resource without using the `with` keyword.', ""**Here's how context managers work:**"", '1. When you create a context manager, you provide a block of code that will be executed whenever the context manager is used.', ""2. The context manager tracks the lifetime of the resource being managed and automatically closes or releases the resource when the context manager's block is finished."", '3. You can use the `__enter__` and `__exit__` methods of a context manager to perform tasks at the beginning and end of the block of code.', '4. You can also provide additional methods to the context manager, which will be called before and after the block of code.', '**Example:**', '```python', 'class FileHandler:', '    def __init__(self, file_name):', '        self.file_name = file_name', '    def __enter__(self):', '        print(""Opening file {}"".format(self.file_name))', '    def __exit__(self, exc_type, exc_value, traceback):', '        print(""Closing file {}"".format(self.file_name))', 'with FileHandler(""my_file.txt"") as file:', '    file.write(""Hello world!"")', '```', '**Output:**', '```', 'Opening file my_file.txt', 'Hello world!', 'Closing file my_file.txt', '```', '**Benefits of using context managers:**', '* They automatically handle resource management.', '* They ensure that resources are released correctly, even if an exception is raised.', '* They simplify code by providing a convenient way to manage resource lifespans.', '**When to use context managers:**', '* When you need to use a resource that needs to be closed or released, such as a file, a database connection, or a network connection.', '* When you want to simplify your code and avoid the need for using the `with` keyword.']",what is a context manager in python and how is it used to manage resources?,"a context manager in python is a special type of context manager that provides a way to manage the lifetime of an object or resource without using the with keyword. here's how context managers work: 1. when you create a context manager, you provide a block of code that will be executed whenever the context manager is used. 2. the context manager tracks the lifetime of the resource being managed and automatically closes or releases the resource when the context manager's block is finished. 3. you can use the enter and exit methods of a context manager to perform tasks at the beginning and end of the block of code. 4. you can also provide additional methods to the context manager, which will be called before and after the block of code. example: output: benefits of using context managers: * they automatically handle resource management. * they ensure that resources are released correctly, even if an exception is raised. * they simplify code by providing a convenient way to manage resource lifespans. when to use context managers: * when you need to use a resource that needs to be closed or released, such as a file, a database connection, or a network connection. * when you want to simplify your code and avoid the need for using the with keyword."
 Explain the concept of a thread pool and how it can be used to improve performance.,"['**Thread Pool**:', 'A thread pool is a collection of threads that can be used to execute tasks concurrently. Each thread in the pool is assigned to a specific task, and the pool manager ensures that all tasks are completed in the order they are submitted. Threads can be created and destroyed dynamically, allowing the pool to be scaled up or down as needed.', '**How it can be used to improve performance:**', '1. **Parallel Execution:** By creating multiple threads, the pool can execute tasks concurrently, reducing the overall execution time. This can significantly speed up applications that involve multiple tasks that would otherwise need to be executed sequentially.', '2. **Improved Scalability:** Thread pools allow you to adjust the number of threads based on the workload. During peak performance, you can add more threads to handle more tasks. This ensures that tasks are executed quickly, even when the system is under a high load.', '3. **Reduced Blocking:** Thread pools prevent blocking, which occurs when a thread is waiting for a resource (e.g., database, file, or network connection) while performing a long task. By using threads, blocking operations are handled concurrently, improving overall performance.', ""4. **Task Prioritization:** With a thread pool, you can assign different priorities to different tasks. This allows you to execute tasks in a specific order or based on the task's priority."", '5. **Fault Tolerance:** Thread pools make it easier to handle thread-related errors or exceptions. If a thread encounters an error, it can be paused and picked up by another thread from the pool. This prevents the application from crashing and allows it to continue running smoothly.', '**Benefits of using a thread pool:**', '- Increased performance by executing tasks concurrently', '- Improved scalability to handle varying workloads', '- Reduced blocking and improved responsiveness', '- Flexible task execution order and priority', '- Fault tolerance and error handling capabilities', 'In summary, a thread pool is a collection of threads that can be used to enhance the performance of applications by executing tasks concurrently, improving scalability, reducing blocking, prioritizing tasks, and providing fault tolerance.']",explain the concept of a thread pool and how it can be used to improve performance.,"thread pool: a thread pool is a collection of threads that can be used to execute tasks concurrently. each thread in the pool is assigned to a specific task, and the pool manager ensures that all tasks are completed in the order they are submitted. threads can be created and destroyed dynamically, allowing the pool to be scaled up or down as needed. how it can be used to improve performance: 1. parallel execution: by creating multiple threads, the pool can execute tasks concurrently, reducing the overall execution time. this can significantly speed up applications that involve multiple tasks that would otherwise need to be executed sequentially. 2. improved scalability: thread pools allow you to adjust the number of threads based on the workload. during peak performance, you can add more threads to handle more tasks. this ensures that tasks are executed quickly, even when the system is under a high load. 3. reduced blocking: thread pools prevent blocking, which occurs when a thread is waiting for a resource (e.g., database, file, or network connection) while performing a long task. by using threads, blocking operations are handled concurrently, improving overall performance. 4. task prioritization: with a thread pool, you can assign different priorities to different tasks. this allows you to execute tasks in a specific order or based on the task's priority. 5. fault tolerance: thread pools make it easier to handle thread-related errors or exceptions. if a thread encounters an error, it can be paused and picked up by another thread from the pool. this prevents the application from crashing and allows it to continue running smoothly. benefits of using a thread pool: - increased performance by executing tasks concurrently - improved scalability to handle varying workloads - reduced blocking and improved responsiveness - flexible task execution order and priority - fault tolerance and error handling capabilities in summary, a thread pool is a collection of threads that can be used to enhance the performance of applications by executing tasks concurrently, improving scalability, reducing blocking, prioritizing tasks, and providing fault tolerance."
 Describe the different types of context managers. Provide examples for each.,"['Sure. Here is a summary of context managers and examples for each type:', '**1. Python Context Managers**', '* These context managers are used when you need to capture the context of an operation and use it within the block of code where you define the context manager. ', '**Example:**', '```python', 'def my_function():', '    with open(""textfile.txt"", ""r"") as f:  ', '        content = f.read()', '    print(content)', '```', 'This code will read the contents of the ""textfile.txt"" and print them to the console.', '**2. Context Managers in Python for Serialization and Deserialization**', '* Context managers can be used to serialize and deserialize objects.', '**Example:**', '```python', 'import json', 'with open(""data.json"", ""r"") as f:', '    data = json.load(f)', 'context = json.dumps(data)', '```', 'This code loads the JSON file into a Python `dict` object and then dumps the dict object back to a JSON string.', '**3. Concurrency Context Managers**', '* These context managers are used for concurrent programming. They allow you to create multiple threads or processes that can access shared resources without blocking each other.', '**Example:**', '```python', 'import threading', 'import multiprocessing', 'def worker_function():', '    print(""I\'m in worker thread!"")', 'if __name__ == ""__main__"":', '    thread = threading.Thread(target=worker_function)', '    thread.start()', '    process = multiprocessing.Process(target=worker_function)', '    process.start()', '```', 'This code creates a thread and a process that execute the `worker_function` concurrently.', '**4. Finally, context managers can also be used with generators.**', '* Generators are objects that yield a sequence of values one at a time. Context managers can be used with generators to control how many values are yielded and when they are yielded.', '**Note:** When you use context managers with generators, you need to use the `yield` keyword and return a value from your generator function.']",describe the different types of context managers. provide examples for each.,"here is a summary of context managers and examples for each type: 1. python context managers * these context managers are used when you need to capture the context of an operation and use it within the block of code where you define the context manager. example: this code will read the contents of the ""textfile.txt"" and print them to the console. 2. context managers in python for serialization and deserialization * context managers can be used to serialize and deserialize objects. example: this code loads the json file into a python dict object and then dumps the dict object back to a json string. 3. concurrency context managers * these context managers are used for concurrent programming. they allow you to create multiple threads or processes that can access shared resources without blocking each other. example: this code creates a thread and a process that execute the worker_function concurrently. 4. finally, context managers can also be used with generators. * generators are objects that yield a sequence of values one at a time. context managers can be used with generators to control how many values are yielded and when they are yielded. note: when you use context managers with generators, you need to use the yield keyword and return a value from your generator function."
 Differentiate between a generator and an iterator in Python. Give a real-world example of each.,"['Sure!', '**Generator**', 'A generator is an object that yields (iterates over) values one at a time. The generator object is created using the `generator` function. The `yield` keyword is used to yield values from the generator object.', '**Iterator**', 'An iterator is a special type of object in Python that provides a way to access the elements of a collection one at a time. Iterators are created using the `iter` function. Once an iterator is created, it can be used to access the elements of the collection.', '**Example:**', '```python', '# A generator', 'def fibonacci(n):', '    a, b = 0, 1', '    for i in range(n):', '        yield a', '        a, b = b, a + b', '# An iterator', 'numbers = iter(fibonacci(10))', '# Print the first 5 elements of the generator', 'for i, value in enumerate(numbers):', '    print(i, value)', '# Print the elements of the generator', 'for number in fibonacci(10):', '    print(number)', '```', '**Output:**', '```', '0 0', '1 1', '2 1', '3 2', '4 3', '5 5', '6 8', '7 13', '8 21', '9 34', '10 55', '```', 'The generator object yields the values of the `fibonacci` function one at a time. The iterator object provides a way to access the values of the `fibonacci` function one at a time.']",differentiate between a generator and an iterator in python. give a real-world example of each.,"the generator object is created using the generator function. the yield keyword is used to yield values from the generator object. iterator an iterator is a special type of object in python that provides a way to access the elements of a collection one at a time. iterators are created using the iter function. once an iterator is created, it can be used to access the elements of the collection. example: output: the generator object yields the values of the fibonacci function one at a time. the iterator object provides a way to access the values of the fibonacci function one at a time."
 Define a class and a module in Python. Provide a real-world example for each.,"['**Class**: A class is a blueprint that defines the structure and behavior of an object. It consists of functions, attributes, and other class members that provide a common structure and shared functionality to objects of that class.', '**Module**: A module is a collection of related functions and variables that are grouped together for a specific purpose. It does not have its own class definition and does not contain any classes as members.', '**Example**', '**Class**: `Employee`', '```python', 'class Employee:', '    def __init__(self, name, salary):', '        self.name = name', '        self.salary = salary', '    def print_details(self):', '        print(""Name:"", self.name)', '        print(""Salary:"", self.salary)', '# Create an object of the Employee class', 'employee = Employee(""John Doe"", 50000)', '# Call the print_details() method on the employee object', 'employee.print_details()', '```', '**Output**:', '```', 'Name: John Doe', 'Salary: 50000', '```', '**Module**: `utils.py`', '```python', 'def calculate_discount(price, discount_rate):', '    return price * (1 - discount_rate)', '# Import the calculate_discount() function from the utils.py module', '# Use the function to calculate the discount', 'discount = calculate_discount(100, 0.10)', '# Print the discount', 'print(""Discount:"", discount)', '```', '**Output**:', '```', 'Discount: 90', '```', '**Benefits of using classes and modules**', '**Classes:**', '- Define a shared structure and behavior for a group of objects.', '- Provide a way to organize related code and improve maintainability.', '- Define complex objects with nested structures.', '**Modules:**', '- Group related functions and variables together for a specific purpose.', '- Provide a way to reuse code and share it across different parts of a program.', '- Improve code modularity and organization.']",define a class and a module in python. provide a real-world example for each.,"class: a class is a blueprint that defines the structure and behavior of an object. it consists of functions, attributes, and other class members that provide a common structure and shared functionality to objects of that class. module: a module is a collection of related functions and variables that are grouped together for a specific purpose. it does not have its own class definition and does not contain any classes as members. example class: employee output: module: utils.py output: benefits of using classes and modules classes: - define a shared structure and behavior for a group of objects. - provide a way to organize related code and improve maintainability. - define complex objects with nested structures. modules: - group related functions and variables together for a specific purpose. - provide a way to reuse code and share it across different parts of a program. - improve code modularity and organization."
 Differentiate between threads and processes in Python. Provide real-world examples for each.,"['Sure. Threads and processes are two ways of executing code in Python, but they differ in their fundamental approach and how they manage resources.', '**Thread**', '* A thread is a lightweight process that shares the same memory space with the main process.', '* A thread can be created and managed independently of the main process, allowing multiple threads to execute concurrently.', '* When a thread completes its task, it can be blocked from further execution until the main process makes it available.', '* Threads are useful for performing CPU-bound tasks, where the program spends most of its time performing calculations or accessing shared resources.', '**Process**', '* A process is a heavyweight process that creates its own memory space and runs in a separate address space from the main process.', '* A process is created by the main process, and it has its own life cycle and resources.', '* Processes are useful for performing I/O-bound tasks, where the program spends most of its time waiting for data or communicating with external devices.', '**Here are real-world examples for each:**', '**Thread Example:**', '```python', 'import threading', 'def thread_function():', '    print(""I\'m a thread!"")', '# Create two threads', 'thread1 = threading.Thread(target=thread_function)', 'thread2 = threading.Thread(target=thread_function)', '# Start the threads', 'thread1.start()', 'thread2.start()', '# Wait for threads to finish', 'thread1.join()', 'thread2.join()', '```', '**Process Example:**', '```python', 'import multiprocessing', 'def process_function():', '    print(""I\'m a process!"")', '# Create a process', 'process = multiprocessing.Process(target=process_function)', '# Start the process', 'process.start()', '# Wait for process to finish', 'process.join()', '```', 'In summary, threads and processes are both used to execute code in Python, but they differ in their approach and how they manage resources. Threads share the same memory space, while processes create their own memory space and run in a separate address space.']",differentiate between threads and processes in python. provide real-world examples for each.,"threads and processes are two ways of executing code in python, but they differ in their fundamental approach and how they manage resources. thread * a thread is a lightweight process that shares the same memory space with the main process. * a thread can be created and managed independently of the main process, allowing multiple threads to execute concurrently. * when a thread completes its task, it can be blocked from further execution until the main process makes it available. * threads are useful for performing cpu-bound tasks, where the program spends most of its time performing calculations or accessing shared resources. process * a process is a heavyweight process that creates its own memory space and runs in a separate address space from the main process. * a process is created by the main process, and it has its own life cycle and resources. * processes are useful for performing i/o-bound tasks, where the program spends most of its time waiting for data or communicating with external devices. here are real-world examples for each: thread example: process example: in summary, threads and processes are both used to execute code in python, but they differ in their approach and how they manage resources. threads share the same memory space, while processes create their own memory space and run in a separate address space."
